GOCC_MITOCHONDRIAL_ENVELOPE,UQCRFS1P1,KIF28P,PET100,PLA2G4B,BCL2L10,BCL2L11,TOMM6,CMC4,TIMM23,CEBPZOS,NDUFC2-KCTD14,ABCB6,DNM1L,COX17,TIMM23B,PPIF,TRAP1,SLC25A13,SLC25A15,PIGBOS1,COQ7,MRPS31,TIMM17B,MICU1,PEMT,TIMM17A,TOMM40,HAX1,TIMM44,ATP5PD,VAT1,MRPL28,TXNIP,ATP5MG,PRELID3A,MTX2,MTCO2P12,YME1L1,CLPX,PGRMC1,MRPS30,AFG3L2,TOMM34,UQCR11,RAB32,IMMT,SLC27A3,PLAAT3,ABCB8,MRPL3,RDH13,PARK7,PHB2,CYP2U1,SLC25A25,CIDEA,PTPMT1,OMA1,SLC25A26,CKMT1B,CKMT2,FAM210B,COX20,MRPL53,MRPL54,THEM4,CHCHD1,SFXN2,CLU,SFXN4,LRRK2,MRPL52,SLC25A29,MRPL10,MIEF2,COX6B2,MICOS13,CPT1C,NDUFA11,CNP,CNR1,MRPL55,NEU4,MIX23,DNAJC19,CHCHD4,TAMM41,SPATA18,COX4I1,COX5B,SLC9B2,COX6A1,COX6A2,COX6B1,ATPSCKMT,GRPEL2,COX6C,COX7A1,COX7A2,COX7A2P2,COX7B,COX7C,COX8A,COX10,COX11,COX15,CPOX,CPS1,CIBAR1,CPT1A,CPT1B,CPT2,NDUFAF6,LETM2,CRAT,ATF2,APOOL,FUNDC1,BRI3BP,ROMO1,SLC25A10,DHRS13,SLC25A52,AIFM3,DUSP18,GPAT2,CYB5A,SLC25A48,CYC1,PRELID2,CYP1A1,CYP2E1,TMEM65,TDH,TRMT10B,CYP11A1,CYP11B1,CYP11B2,CYP24A1,CYP27A1,CYP27B1,C11orf65,DAO,TIMM8A,COX7B2,DHODH,CYB5R3,DMPK,PGAM5,HIGD2A,IMMP1L,LDHD,DHFR2,PLD6,ENDOG,SLC25A43,AK2,EPHA4,MTLN,ETFDH,ALAS2,ABCD1,ACSL1,ACSL3,ACSL4,MRPL21,SPATA19,ABCB7,MICU2,ARMC12,FDXR,FECH,FGR,MLXIP,TRAK1,FOXO3,SARM1,MRPS27,SPART,GRAMD4,LPIN1,PMPCA,VPS13A,ACSL6,SIRT5,SIRT4,SLC44A1,ABCB10,GCAT,NNT,FPGS,ARL2BP,PPP1R15A,PISD,FKBP8,BCL2L13,MTCH1,MTCH2,AFG1L,MTOR,ALPL,SLC25A30,IFI6,GABBR1,RNF144B,SAMM50,MPC2,LETMD1,TMEM186,NDUFAF3,HIGD1A,REXO2,RAB11FIP5,MTG2,FBXL4,GATM,ERAL1,NIPSNAP2,FAM162A,BLOC1S1,TIMM10B,TIMM13,TIMM10,TIMM9,TIMM8B,MRPL46,ATP5MGL,GFER,GHITM,UQCRQ,GK,DMAC2L,GK2,PRELID1,COQ2,HTRA2,GPD2,SLC25A45,SLC25A47,SLC25A41,SLC25A42,SLC25A34,GPER1,COX18,MICU3,MRPS28,COA3,MRPS18B,ACAD9,MRPL42,TMEM14A,FLVCR1,MRPL13,MRPL18,NDUFAF4,MRPL15,TIMM21,MRPL22,SLC25A4,DNAJC15,SLC25A5,SLC25A6,UQCR10,ZDHHC8,UBIAD1,TIMM22,SLC25A24,RHOD,HADHA,HADHB,HCCS,STOML2,HK1,HK2,HMOX1,ACACB,HSD3B1,HSD3B2,ACADL,HSPA9,HSPD1,MRPL58,CYP27C1,NAT8L,ACADM,STING1,COX8C,IFI27,AQP8,MTX3,MPC1L,ACADVL,NDUFS7,MIGA1,SLC27A1,ARG1,KRAS,TOMM20L,COA6,SMIM20,LDHB,LETM1,LGALS3,SLC25A35,CHCHD10,TOMM5,SLC25A53,ARL2,LYN,NBR1,MAOA,MAOB,MCL1,SMCP,MGST1,ATXN3,ATP5F1EP2,MPV17,UQCRHL,MICOS10,MTHFD2L,ASS1,MT3,MT-ATP6,MT-ATP8,MT-CO1,MT-CO2,MT-CO3,MT-CYB,MT-ND1,MT-ND2,MT-ND3,MT-ND4,MT-ND4L,MT-ND5,MT-ND6,MTX1,MYOC,NDUFA1,NDUFA2,NDUFA3,NDUFA4,NDUFA5,NDUFA6,NDUFA7,NDUFA8,NDUFA9,NDUFA10,NDUFAB1,NDUFB1,NDUFB2,NDUFB3,NDUFB4,NDUFB5,NDUFB6,NDUFB7,NDUFB8,NDUFB9,NDUFB10,NDUFC1,NDUFC2,NDUFS1,NDUFS2,NDUFS3,NDUFV1,NDUFS4,NDUFS5,NDUFS6,NDUFS8,NDUFV2,NDUFV3,NME4,SLC11A2,NRGN,CISD2,OGDH,OPA1,ATP5F1A,OTC,OXA1L,ATP5F1B,PNPLA8,PRKN,ATP5F1C,MTERF3,COQ6,PRELID3B,MRPS16,MRPS18C,FIS1,PAM16,MRPL2,MRPL4,TMX2,NDUFA13,MRPS7,SH3GLB1,NDUFAF1,MRPS2,COQ4,CHCHD2,COX16,MRPL37,MRPL51,MRPL30,MRPL27,COA4,ECSIT,ATP5F1D,TIMMDC1,ARMCX1,SLC25A37,MRPL35,NGRN,MRPS17,PDE2A,ATP5F1E,TRIAP1,ATP5PB,TMEM14C,MTFP1,ARMCX3,ATP5MC1,SLC25A39,MRPL48,MRPS23,MRPS33,MPC1,ATP5MC2,ACSL5,ATP5MC3,COQ3,ATP5ME,ATP5PF,PGR,PHB,SLC25A3,PI4KB,PLA2G2A,PLA2G4A,PLEC,PLN,PMAIP1,ATP5PO,SEPTIN4,MRPL39,CYCS,GDAP1,MRPS21,ARMCX6,MIEF1,MRPL50,NDUFB11,TOMM7,CRLS1,MARCHF5,VPS13C,CKMT1A,TTC19,CHCHD3,MRPL16,TMEM70,THG1L,SLC25A38,PPOX,MTARC2,AURKAIP1,PPP1CC,MCUB,PTCD3,MRPL20,MSTO1,ARMC1,MRPS18A,MRPS10,RMDN3,SLC25A36,PPP2R2B,ATAD3A,EXD2,UQCC1,RHOT1,AGPAT5,SYNJ2BP,CHDH,PARL,FOXRED1,AMBRA1,MFN1,DNAJC11,COA1,AGK,PRKCA,ADAP2,CISD1,TMEM126B,NDUFA12,RAB5IF,SLC25A40,PRODH,DIABLO,PSEN1,PSEN2,SPHK2,AGPAT4,NDUFA4L2,SPIRE1,STARD7,MRPS22,MFF,WDR93,TOMM22,COQ8A,SDHAF3,COQ9,CIAPIN1,PLSCR3,TIGAR,MRPL47,ADCK1,ZNFX1,BAD,MRS2,ABHD6,NLN,MAVS,GPAM,PTPN1,BAK1,BAX,ALDH18A1,SQOR,PRODH2,RAC2,RAF1,BCL2,BCL2A1,BCL2L1,BCL2L2,SLC25A19,RNF5,MRPS35,CCDC90B,GUF1,FKBP10,MRPL23,BCS1L,MRPL12,MRPS12,RPS3,RPS6KB1,BDH1,RPS27A,SCO1,BID,BIK,MRPL17,SDHA,SDHB,DUSP21,SDHC,SDHD,MRPS14,MCUR1,GOLPH3,MOAP1,MRPS25,TMEM14DP,TMEM14EP,STMP1,SHMT2,MTARC1,MRPL14,MRPS26,MRPS24,MRPS15,MRPS11,MRPS9,MRPS6,MRPS5,MRPL41,MRPL40,MRPL38,MRPL36,MRPL34,MRPL32,MRPL11,MRPL9,MRPL1,PINK1,REEP1,MRPL44,TMEM135,COA7,SLC8A3,SLC25A1,ANTKMT,FUNDC2,MRPS34,BNIP1,BNIP3,SOD1,BNIP3L,SORD,BOK,SOX10,SPG7,BPHL,SRC,STAR,SUOX,SURF1,VAMP1,TAFAZZIN,TMBIM6,TSPO,THOP1,HSP90B2P,C12orf73,TMEM242,TYMS,UBA52,UBB,UBC,UCP1,UCP2,UCP3,UQCRB,UQCRC1,UQCRC2,UQCRFS1,UQCRH,MRPL49,VDAC1,VDAC2,VDAC3,VRK2,DAP3,SLC25A20,MRPL57,SLC25A23,UQCC3,NDUFAF5,APOO,CHCHD7,HSD17B8,MAIP1,MRPL24,MUL1,NLRX1,QTRT2,CCDC51,SLC25A22,COQ8B,L2HGDH,SLC8B1,PANK2,MYO19,HKDC1,COQ10B,GRPEL1,EFHD1,SLC25A16,TRAF3IP3,COASY,TMEM177,CYB5B,CALM3,SLC25A32,RCC1L,CLPB,AKAP1,TMEM14B,SFXN3,QTRT1,SLC25A28,CAPN2,SNN,FZD9,SLC25A31,C19orf12,SLC25A18,ATAD3B,SLC25A2,IMMP2L,IFI27L2,SPNS1,SLC25A11,PLEKHN1,ULK1,CASP8,ACAD11,TOMM40L,TMEM126A,RHBDD1,CHCHD5,CARD19,NOA1,COQ5,SLC25A33,DNAJC30,UQCC2,CHCHD6,MRPL45,COA8,C15orf48,GNPAT,MRPL43,HINT2,CAT,COX4I2,MGARP,OGT,USP30,MPV17L2,RTN4IP1,ATP5MK,AIFM2,MIGA2,ATAD1,CEP89,COX14,ATCAY,CABS1,DEGS1,KMO,SLC25A12,PLA2G4C,RNASET2,BECN1,PNPT1,CDS2,NRP1,TMEM11,WASF1,SLC25A21,FATE1,RHOT2,SLC25A14,BMF,MCU,TIMM29,LYRM7,STARD13,COX19,DMAC1,SLC25A46,AIFM1,ATP23,RNF185,RSAD2,COX7A2L,SMDT1,NDUFAF2,SLC25A51,MTG1,MRPS36,TIMM50,COQ10A,COX5A,SLC22A14,SFXN1,SFXN5,ABCG2,MAPK8IP1,SLC25A27,PGS1,PMPCB,ATP5MF,MRPL33,ATP5MJ,IKBKE,SLC25A44,MRPL19,TOMM20,DELE1,ARMCX2,TRIM14,TOMM70,MFN2,EXOG,CDC25C,SCO2
GOCC_MITOCHONDRIAL_MATRIX,TSFM,PPIF,LRPPRC,TRAP1,AASS,DHRS2,RIDA,GLYAT,BCKDK,WARS2,ACAA2,TIMM44,PITRM1,MRPL28,TXNRD2,MTHFS,FARS2,MTHFD2,CLPX,ME3,MRPS30,FASTK,PRDX3,ACOT2,HTD2,LIAS,HIBADH,MRPL3,POLG2,CA5B,FDX2,HOGA1,PARK7,ACSM1,TOP1MT,MRPL53,MRPL54,THEM4,LRRK2,MRPL52,ISCA2,HYKK,ACSM2A,EARS2,MRPL10,NAXE,MRPL55,MTERF4,DNAJC19,NADK2,GRPEL2,SDHAF4,CPS1,ADHFE1,PABPC5,ACSM6,CS,PPM1K,CYP11A1,CYP27A1,ALDH1L2,PPTC7,NAGS,DBT,ECI1,DECR1,MMAA,DGUOK,DLAT,DLD,DLST,SARDH,DNA2,ABAT,ECHS1,METTL15,ACSF3,IBA57,DHFR2,PDE12,PRIMPOL,AK4,C2orf69,ERBB4,ETFA,ETFB,ALAS1,ETFDH,ALAS2,ALDH2,ALDH1B1,MRPL21,FDX1,FDXR,FECH,FH,FASTKD2,DHX30,FOXO3,MRPS27,LARS2,SIRT5,SIRT4,SIRT3,MLYCD,TDRD7,HARS2,ETHE1,ISCU,FPGS,ARL2BP,PDSS1,ACOT9,FXN,ETFBKMT,PRDX5,TXN2,MTHFD1L,NUDT13,PARS2,REXO2,PTCD1,ACOT11,POLDIP2,MTG2,GARS1,HIBCH,ERAL1,GCDH,BLOC1S1,GCSH,MRPL46,TRUB2,ACAD8,PPA2,GLS2,DIMT1,GLDC,MCAT,GLS,GLUD1,GLUD2,AMT,GOT2,THEM5,RPUSD3,GPX1,MRPS28,MRPS18B,MRPL42,MRPL13,MRPL18,NR3C1,MRPL15,MRPL22,DNAJC15,SLC25A5,GRSF1,GSR,GSTZ1,PYCR2,DMGDH,MRM2,HSD17B10,HAGH,HADHA,HADHB,HADH,HMGCL,HMGCS2,NUDT2,MMAB,ACADL,HSPA1L,HSPA9,HSPD1,HSPE1,MRPL58,NAT8L,ACADM,ACSM4,IDH2,IDH3A,IDH3B,IDH3G,ACSM2B,NMNAT3,ACADS,ACADSB,ACADVL,IVD,GSTK1,KARS1,NDUFS7,ACAT1,ARG2,NSUN4,LIPT2,ARL2,MDH2,ME2,MIPEP,ATXN3,ALDH6A1,MPG,MPST,MTHFD2L,AKR1B15,NUDT1,MMUT,NDUFA7,NDUFA9,NDUFA10,NDUFAB1,NDUFB8,NDUFS1,NDUFS2,NDUFS3,NDUFS8,NME4,OAT,OGDH,OGG1,ATP5F1A,ACO2,OTC,ALDH7A1,OXA1L,OXCT1,ATP5F1B,AK3,ATP5F1C,PC,PCCA,PCCB,MRPS16,GLRX2,MRPS18C,PAM16,PCK2,YARS2,MRPL2,MRPL4,MRPS7,TRNT1,MECR,NDUFAF1,TFB1M,LACTB2,MRPS2,AADAT,ACP6,GLRX5,MTRES1,MRPL37,MRPL51,MRPL30,MRPL27,ATP5F1D,MRPL35,MRPS17,PDE2A,ATP5F1E,ATP5PB,PDHA1,LIPT1,PDHA2,PDHB,PDK1,PDK2,MRPL48,PDK3,MRPS33,STYXL1,PDK4,COQ3,PIN4,NUDT9,MRPL39,POLG,POLRMT,MRPS21,MTRF1L,MRPL50,PDP1,TRIT1,AUH,TRMT10C,ADPRS,SARS2,MRPL16,SDHAF2,ACSM5,TRMT61B,MRPL20,PDPR,DARS2,MRPS18A,MRPS10,MRM3,ATAD3A,TMLHE,EXD2,ABHD10,LRRC59,NDUFAF7,DHTKD1,IARS2,NAXD,OGDHL,DDX28,ACOT13,ACSS2,PRODH,TWNK,MCCC1,MRPS22,NT5M,SDHAF3,RARS2,PDSS2,LYRM4,MRPL47,PDP2,TRMT5,PTPN1,CCAR2,PYCR1,QARS1,BCAT2,RAD51,BCKDHA,BCKDHB,BCL2L1,MYG1,RNASEL,MRPS35,FASTKD5,ELAC2,GUF1,ABCE1,MRPL23,MRPL12,MRPS12,RPS3,BDH1,ACSM3,MRPL17,NSUN3,DUSP21,MRPS14,TP53AIP1,OXCT2,MCCC2,TFB2M,SDHAF1,SHC1,SHMT2,METTL17,ETNPPL,METTL4,AGXT2,MRPL14,MRPS26,MRPS24,MRPS15,MRPS11,MRPS9,MRPS6,MRPS5,MRPL41,MRPL40,MRPL38,MRPL36,MRPL34,MRPL32,MRPL11,MRPL9,MRPL44,MRPS34,SOD1,SOD2,SSBP1,SUOX,SUPV3L1,BTD,TERT,TFAM,C1QBP,TK2,TOP3A,TP53,TST,D2HGDH,TUFM,TYMS,MRPL49,VDAC1,VDAC2,CA5A,DAP3,MRPL57,FASTKD3,ALDH5A1,HSD17B8,MAIP1,CHPF,CARS2,MRPL24,ACSS3,FASTKD1,NARS2,TEFM,MTERF1,MRM1,DGLUCY,ACSF2,TARS2,NUBPL,GRPEL1,MTERF2,FLAD1,PUS1,COASY,PDHX,ACAD10,ISCA1,FAHD1,CLPP,BCO2,ALKBH7,COQ5,UQCC2,MRPL45,GFM2,CASQ1,ACSS1,MRPL43,MCEE,GPT2,MPV17L2,PYROXD2,CBR4,RPUSD4,ATG4D,PHYKPL,PARG,GFM1,ALDH4A1,PNPT1,SUCLG2,SUCLG1,SUCLA2,CCNB1,ARHGAP11B,GADD45GIP1,NFS1,LYRM7,DNAJA3,SMDT1,MTG1,MRPS36,TBRG4,MRRF,LDHAL6B,MARS2,LONP1,FTMT,MRPL33,PRORP,MRPL19,CDK1,SCO2,,,,,,,,,,,,,,,,,,,,,,,,,,,,,,,,,,,,,,,,,,,,,,,,,,,,,,,,,,,,,,,,,,,,,,,,,,,,,,,,,,,,,,,,,,,,,,,,,,,,,,,,,,,,,,,,,,,,,,,,,,,,,,,,,,,,,,,,,,,,,,,,,,,,,,,,,,,,,,,,,,,,,,,,,,,,,,,,,,,,,,,,,,,,,,,,,,,,,,,,,,,,,,,,,,,,,,,,,,,,,,,,,,,,,,,,,,,,,,,,,,,,,,,,,,,,,,,,,,,,,,,,,,,,,,,,,,,,,,,,,,,,,,,,,,,,,,,,,,,,,,,,,,,,,,
GOCC_MITOCHONDRIAL_LARGE_RIBOSOMAL_SUBUNIT,MRPL28,MRPS30,MRPL3,MRPL53,MRPL54,MRPL52,MRPL10,MRPL55,MTERF4,MRPL21,MRPL46,MRPL42,MRPL13,MRPL18,MRPL15,MRPL22,MRPL58,NSUN4,MRPL2,MRPL4,MRPL37,MRPL51,MRPL30,MRPL27,MRPL35,MRPL48,MRPL39,MRPL50,MRPL16,MRPL20,MRPS18A,MRPL47,MRPL23,MRPL12,MRPL17,NSUN3,MRPL14,MRPL41,MRPL40,MRPL38,MRPL36,MRPL34,MRPL32,MRPL11,MRPL9,MRPL44,MRPL49,MRPL57,MRPL24,MRPL45,MRPL43,MPV17L2,MRPL33,MRPL19,,,,,,,,,,,,,,,,,,,,,,,,,,,,,,,,,,,,,,,,,,,,,,,,,,,,,,,,,,,,,,,,,,,,,,,,,,,,,,,,,,,,,,,,,,,,,,,,,,,,,,,,,,,,,,,,,,,,,,,,,,,,,,,,,,,,,,,,,,,,,,,,,,,,,,,,,,,,,,,,,,,,,,,,,,,,,,,,,,,,,,,,,,,,,,,,,,,,,,,,,,,,,,,,,,,,,,,,,,,,,,,,,,,,,,,,,,,,,,,,,,,,,,,,,,,,,,,,,,,,,,,,,,,,,,,,,,,,,,,,,,,,,,,,,,,,,,,,,,,,,,,,,,,,,,,,,,,,,,,,,,,,,,,,,,,,,,,,,,,,,,,,,,,,,,,,,,,,,,,,,,,,,,,,,,,,,,,,,,,,,,,,,,,,,,,,,,,,,,,,,,,,,,,,,,,,,,,,,,,,,,,,,,,,,,,,,,,,,,,,,,,,,,,,,,,,,,,,,,,,,,,,,,,,,,,,,,,,,,,,,,,,,,,,,,,,,,,,,,,,,,,,,,,,,,,,,,,,,,,,,,,,,,,,,,,,,,,,,,,,,,,,,,,,,,,,,,,,,,,,,,,,,,,,,,,,,,,,,,,,,,,,,,,,,,,,,,,,,,,,,,,,,,,,,,,,,,,,,,,,,,,,,,,,,,,,,,,,,,,,,,,,,,,,,,,,,,,,,,,,,,,,,,,,,,,,,,,,,,,,,,,,,,,,,,,,,,,,,,,,,,,,,,,,,,,,,,,,,,,,,,,,,,,,,
GOCC_MITOCHONDRIAL_SMALL_RIBOSOMAL_SUBUNIT,MRPS27,MRPS28,MRPS18B,MRPL42,MRPS16,MRPS18C,MRPS7,MRPS2,MRPS17,MRPS33,MRPS21,MRPS18A,MRPS10,MRPS22,MRPS35,MRPS12,MRPS14,MRPS26,MRPS24,MRPS15,MRPS11,MRPS9,MRPS6,MRPS5,MRPS34,DAP3,,,,,,,,,,,,,,,,,,,,,,,,,,,,,,,,,,,,,,,,,,,,,,,,,,,,,,,,,,,,,,,,,,,,,,,,,,,,,,,,,,,,,,,,,,,,,,,,,,,,,,,,,,,,,,,,,,,,,,,,,,,,,,,,,,,,,,,,,,,,,,,,,,,,,,,,,,,,,,,,,,,,,,,,,,,,,,,,,,,,,,,,,,,,,,,,,,,,,,,,,,,,,,,,,,,,,,,,,,,,,,,,,,,,,,,,,,,,,,,,,,,,,,,,,,,,,,,,,,,,,,,,,,,,,,,,,,,,,,,,,,,,,,,,,,,,,,,,,,,,,,,,,,,,,,,,,,,,,,,,,,,,,,,,,,,,,,,,,,,,,,,,,,,,,,,,,,,,,,,,,,,,,,,,,,,,,,,,,,,,,,,,,,,,,,,,,,,,,,,,,,,,,,,,,,,,,,,,,,,,,,,,,,,,,,,,,,,,,,,,,,,,,,,,,,,,,,,,,,,,,,,,,,,,,,,,,,,,,,,,,,,,,,,,,,,,,,,,,,,,,,,,,,,,,,,,,,,,,,,,,,,,,,,,,,,,,,,,,,,,,,,,,,,,,,,,,,,,,,,,,,,,,,,,,,,,,,,,,,,,,,,,,,,,,,,,,,,,,,,,,,,,,,,,,,,,,,,,,,,,,,,,,,,,,,,,,,,,,,,,,,,,,,,,,,,,,,,,,,,,,,,,,,,,,,,,,,,,,,,,,,,,,,,,,,,,,,,,,,,,,,,,,,,,,,,,,,,,,,,,,,,,,,,,,,,,,,,,,,,,,,,,,,,,,,,,,,,,,
GOCC_MITOCHONDRIAL_TRICARBOXYLIC_ACID_CYCLE_ENZYME_COMPLEX,BCKDK,DBT,DLD,IDH3A,IDH3B,IDH3G,BCKDHA,BCKDHB,SUCLG2,SUCLG1,MRPS36,,,,,,,,,,,,,,,,,,,,,,,,,,,,,,,,,,,,,,,,,,,,,,,,,,,,,,,,,,,,,,,,,,,,,,,,,,,,,,,,,,,,,,,,,,,,,,,,,,,,,,,,,,,,,,,,,,,,,,,,,,,,,,,,,,,,,,,,,,,,,,,,,,,,,,,,,,,,,,,,,,,,,,,,,,,,,,,,,,,,,,,,,,,,,,,,,,,,,,,,,,,,,,,,,,,,,,,,,,,,,,,,,,,,,,,,,,,,,,,,,,,,,,,,,,,,,,,,,,,,,,,,,,,,,,,,,,,,,,,,,,,,,,,,,,,,,,,,,,,,,,,,,,,,,,,,,,,,,,,,,,,,,,,,,,,,,,,,,,,,,,,,,,,,,,,,,,,,,,,,,,,,,,,,,,,,,,,,,,,,,,,,,,,,,,,,,,,,,,,,,,,,,,,,,,,,,,,,,,,,,,,,,,,,,,,,,,,,,,,,,,,,,,,,,,,,,,,,,,,,,,,,,,,,,,,,,,,,,,,,,,,,,,,,,,,,,,,,,,,,,,,,,,,,,,,,,,,,,,,,,,,,,,,,,,,,,,,,,,,,,,,,,,,,,,,,,,,,,,,,,,,,,,,,,,,,,,,,,,,,,,,,,,,,,,,,,,,,,,,,,,,,,,,,,,,,,,,,,,,,,,,,,,,,,,,,,,,,,,,,,,,,,,,,,,,,,,,,,,,,,,,,,,,,,,,,,,,,,,,,,,,,,,,,,,,,,,,,,,,,,,,,,,,,,,,,,,,,,,,,,,,,,,,,,,,,,,,,,,,,,,,,,,,,,,,,,,,,,,,,,,,,,,,,,,,,
GOCC_INTRINSIC_COMPONENT_OF_MITOCHONDRIAL_INNER_MEMBRANE,PET100,TIMM23,TIMM23B,TIMM17B,TIMM17A,MTX2,AFG3L2,IMMT,SFXN2,SFXN4,MICOS13,COX11,APOOL,MTLN,ETFDH,PISD,SAMM50,MPC2,GHITM,COQ2,COX18,COA3,HSPA9,MTX3,MPC1L,CHCHD10,MICOS10,MT-CYB,MTX1,OXA1L,COX16,MPC1,SLC25A3,CHCHD3,PPOX,MCUB,DNAJC11,COA1,AGK,SLC25A19,SCO1,MCUR1,SPG7,UQCC3,APOO,CCDC51,L2HGDH,TMEM177,SFXN3,CHCHD6,TMEM11,MCU,SMDT1,SLC22A14,SFXN1,SFXN5,SCO2,,,,,,,,,,,,,,,,,,,,,,,,,,,,,,,,,,,,,,,,,,,,,,,,,,,,,,,,,,,,,,,,,,,,,,,,,,,,,,,,,,,,,,,,,,,,,,,,,,,,,,,,,,,,,,,,,,,,,,,,,,,,,,,,,,,,,,,,,,,,,,,,,,,,,,,,,,,,,,,,,,,,,,,,,,,,,,,,,,,,,,,,,,,,,,,,,,,,,,,,,,,,,,,,,,,,,,,,,,,,,,,,,,,,,,,,,,,,,,,,,,,,,,,,,,,,,,,,,,,,,,,,,,,,,,,,,,,,,,,,,,,,,,,,,,,,,,,,,,,,,,,,,,,,,,,,,,,,,,,,,,,,,,,,,,,,,,,,,,,,,,,,,,,,,,,,,,,,,,,,,,,,,,,,,,,,,,,,,,,,,,,,,,,,,,,,,,,,,,,,,,,,,,,,,,,,,,,,,,,,,,,,,,,,,,,,,,,,,,,,,,,,,,,,,,,,,,,,,,,,,,,,,,,,,,,,,,,,,,,,,,,,,,,,,,,,,,,,,,,,,,,,,,,,,,,,,,,,,,,,,,,,,,,,,,,,,,,,,,,,,,,,,,,,,,,,,,,,,,,,,,,,,,,,,,,,,,,,,,,,,,,,,,,,,,,,,,,,,,,,,,,,,,,,,,,,,,,,,,,,,,,,,,,,,,,,,,,,,,,,,,,,,,,,,,,,,,,,,,,,,,,,,,,,,,,,,,,,,,,,,,,,,,,,,,,,,,,,,,,,,,,,,,,,,,,,,,,,,,,,,,,,,,
GOCC_INTRINSIC_COMPONENT_OF_MITOCHONDRIAL_OUTER_MEMBRANE,ABCB6,PIGBOS1,TOMM40,CPT1A,FUNDC1,DMPK,TOMM20L,FIS1,ARMCX3,GDAP1,RHOT1,SYNJ2BP,MFN1,SPIRE1,MFF,BAK1,PINK1,FUNDC2,BNIP3,MUL1,MGARP,RHOT2,TOMM20,TOMM70,MFN2,,,,,,,,,,,,,,,,,,,,,,,,,,,,,,,,,,,,,,,,,,,,,,,,,,,,,,,,,,,,,,,,,,,,,,,,,,,,,,,,,,,,,,,,,,,,,,,,,,,,,,,,,,,,,,,,,,,,,,,,,,,,,,,,,,,,,,,,,,,,,,,,,,,,,,,,,,,,,,,,,,,,,,,,,,,,,,,,,,,,,,,,,,,,,,,,,,,,,,,,,,,,,,,,,,,,,,,,,,,,,,,,,,,,,,,,,,,,,,,,,,,,,,,,,,,,,,,,,,,,,,,,,,,,,,,,,,,,,,,,,,,,,,,,,,,,,,,,,,,,,,,,,,,,,,,,,,,,,,,,,,,,,,,,,,,,,,,,,,,,,,,,,,,,,,,,,,,,,,,,,,,,,,,,,,,,,,,,,,,,,,,,,,,,,,,,,,,,,,,,,,,,,,,,,,,,,,,,,,,,,,,,,,,,,,,,,,,,,,,,,,,,,,,,,,,,,,,,,,,,,,,,,,,,,,,,,,,,,,,,,,,,,,,,,,,,,,,,,,,,,,,,,,,,,,,,,,,,,,,,,,,,,,,,,,,,,,,,,,,,,,,,,,,,,,,,,,,,,,,,,,,,,,,,,,,,,,,,,,,,,,,,,,,,,,,,,,,,,,,,,,,,,,,,,,,,,,,,,,,,,,,,,,,,,,,,,,,,,,,,,,,,,,,,,,,,,,,,,,,,,,,,,,,,,,,,,,,,,,,,,,,,,,,,,,,,,,,,,,,,,,,,,,,,,,,,,,,,,,,,,,,,,,,,,,,,,,,,,,,,,,,,,,,,,,,,,,,,,,
GOCC_RESPIRATORY_CHAIN_COMPLEX_III,UQCRFS1P1,UQCR11,CYC1,UQCRQ,UQCR10,UQCRHL,MT-CO1,MT-CYB,BCS1L,UQCRB,UQCRC1,UQCRC2,UQCRFS1,UQCRH,,,,,,,,,,,,,,,,,,,,,,,,,,,,,,,,,,,,,,,,,,,,,,,,,,,,,,,,,,,,,,,,,,,,,,,,,,,,,,,,,,,,,,,,,,,,,,,,,,,,,,,,,,,,,,,,,,,,,,,,,,,,,,,,,,,,,,,,,,,,,,,,,,,,,,,,,,,,,,,,,,,,,,,,,,,,,,,,,,,,,,,,,,,,,,,,,,,,,,,,,,,,,,,,,,,,,,,,,,,,,,,,,,,,,,,,,,,,,,,,,,,,,,,,,,,,,,,,,,,,,,,,,,,,,,,,,,,,,,,,,,,,,,,,,,,,,,,,,,,,,,,,,,,,,,,,,,,,,,,,,,,,,,,,,,,,,,,,,,,,,,,,,,,,,,,,,,,,,,,,,,,,,,,,,,,,,,,,,,,,,,,,,,,,,,,,,,,,,,,,,,,,,,,,,,,,,,,,,,,,,,,,,,,,,,,,,,,,,,,,,,,,,,,,,,,,,,,,,,,,,,,,,,,,,,,,,,,,,,,,,,,,,,,,,,,,,,,,,,,,,,,,,,,,,,,,,,,,,,,,,,,,,,,,,,,,,,,,,,,,,,,,,,,,,,,,,,,,,,,,,,,,,,,,,,,,,,,,,,,,,,,,,,,,,,,,,,,,,,,,,,,,,,,,,,,,,,,,,,,,,,,,,,,,,,,,,,,,,,,,,,,,,,,,,,,,,,,,,,,,,,,,,,,,,,,,,,,,,,,,,,,,,,,,,,,,,,,,,,,,,,,,,,,,,,,,,,,,,,,,,,,,,,,,,,,,,,,,,,,,,,,,,,,,,,,,,,,,,,,,,,,,,,,,,
GOCC_RESPIRATORY_CHAIN_COMPLEX_IV,MTCO2P12,COX6B2,COX4I1,COX5B,COX6A1,COX6A2,COX6B1,COX6C,COX7A1,COX7A2,COX7A2P2,COX7B,COX7C,COX8A,COX7B2,COX8C,COA6,MT-CO1,MT-CO2,MT-CO3,NDUFA4,NDUFA4L2,UQCRC2,UQCRFS1,C15orf48,COX4I2,COX7A2L,COX5A,,,,,,,,,,,,,,,,,,,,,,,,,,,,,,,,,,,,,,,,,,,,,,,,,,,,,,,,,,,,,,,,,,,,,,,,,,,,,,,,,,,,,,,,,,,,,,,,,,,,,,,,,,,,,,,,,,,,,,,,,,,,,,,,,,,,,,,,,,,,,,,,,,,,,,,,,,,,,,,,,,,,,,,,,,,,,,,,,,,,,,,,,,,,,,,,,,,,,,,,,,,,,,,,,,,,,,,,,,,,,,,,,,,,,,,,,,,,,,,,,,,,,,,,,,,,,,,,,,,,,,,,,,,,,,,,,,,,,,,,,,,,,,,,,,,,,,,,,,,,,,,,,,,,,,,,,,,,,,,,,,,,,,,,,,,,,,,,,,,,,,,,,,,,,,,,,,,,,,,,,,,,,,,,,,,,,,,,,,,,,,,,,,,,,,,,,,,,,,,,,,,,,,,,,,,,,,,,,,,,,,,,,,,,,,,,,,,,,,,,,,,,,,,,,,,,,,,,,,,,,,,,,,,,,,,,,,,,,,,,,,,,,,,,,,,,,,,,,,,,,,,,,,,,,,,,,,,,,,,,,,,,,,,,,,,,,,,,,,,,,,,,,,,,,,,,,,,,,,,,,,,,,,,,,,,,,,,,,,,,,,,,,,,,,,,,,,,,,,,,,,,,,,,,,,,,,,,,,,,,,,,,,,,,,,,,,,,,,,,,,,,,,,,,,,,,,,,,,,,,,,,,,,,,,,,,,,,,,,,,,,,,,,,,,,,,,,,,,,,,,,,,,,,,,,,,,,,,,,,,,,,,,,,,,,,,,,,,,,,,,,,,,,,,,,,,,,,
GOCC_MITOCHONDRIA_ASSOCIATED_ENDOPLASMIC_RETICULUM_MEMBRANE,BCL2L10,BCAP31,TOMM40,AHCYL1,RAB32,PDZD8,ACSL4,ATG14,CLCC1,RAB38,TMEM41B,TMX2,ZFYVE1,STX17,MBOAT7,CANX,SERAC1,FATE1,ATG5,TOMM20,,,,,,,,,,,,,,,,,,,,,,,,,,,,,,,,,,,,,,,,,,,,,,,,,,,,,,,,,,,,,,,,,,,,,,,,,,,,,,,,,,,,,,,,,,,,,,,,,,,,,,,,,,,,,,,,,,,,,,,,,,,,,,,,,,,,,,,,,,,,,,,,,,,,,,,,,,,,,,,,,,,,,,,,,,,,,,,,,,,,,,,,,,,,,,,,,,,,,,,,,,,,,,,,,,,,,,,,,,,,,,,,,,,,,,,,,,,,,,,,,,,,,,,,,,,,,,,,,,,,,,,,,,,,,,,,,,,,,,,,,,,,,,,,,,,,,,,,,,,,,,,,,,,,,,,,,,,,,,,,,,,,,,,,,,,,,,,,,,,,,,,,,,,,,,,,,,,,,,,,,,,,,,,,,,,,,,,,,,,,,,,,,,,,,,,,,,,,,,,,,,,,,,,,,,,,,,,,,,,,,,,,,,,,,,,,,,,,,,,,,,,,,,,,,,,,,,,,,,,,,,,,,,,,,,,,,,,,,,,,,,,,,,,,,,,,,,,,,,,,,,,,,,,,,,,,,,,,,,,,,,,,,,,,,,,,,,,,,,,,,,,,,,,,,,,,,,,,,,,,,,,,,,,,,,,,,,,,,,,,,,,,,,,,,,,,,,,,,,,,,,,,,,,,,,,,,,,,,,,,,,,,,,,,,,,,,,,,,,,,,,,,,,,,,,,,,,,,,,,,,,,,,,,,,,,,,,,,,,,,,,,,,,,,,,,,,,,,,,,,,,,,,,,,,,,,,,,,,,,,,,,,,,,,,,,,,,,,,,,,,,,,,,,,,,,,,,,,,,,,,,,
GOCC_RNA_POLYMERASE_II_CORE_COMPLEX,POLR2J2,POLR2A,POLR2B,POLR2C,POLR2D,POLR2E,POLR2F,POLR2G,POLR2H,POLR2I,POLR2J,POLR2K,POLR2L,POLR2J3,POLR2M,,,,,,,,,,,,,,,,,,,,,,,,,,,,,,,,,,,,,,,,,,,,,,,,,,,,,,,,,,,,,,,,,,,,,,,,,,,,,,,,,,,,,,,,,,,,,,,,,,,,,,,,,,,,,,,,,,,,,,,,,,,,,,,,,,,,,,,,,,,,,,,,,,,,,,,,,,,,,,,,,,,,,,,,,,,,,,,,,,,,,,,,,,,,,,,,,,,,,,,,,,,,,,,,,,,,,,,,,,,,,,,,,,,,,,,,,,,,,,,,,,,,,,,,,,,,,,,,,,,,,,,,,,,,,,,,,,,,,,,,,,,,,,,,,,,,,,,,,,,,,,,,,,,,,,,,,,,,,,,,,,,,,,,,,,,,,,,,,,,,,,,,,,,,,,,,,,,,,,,,,,,,,,,,,,,,,,,,,,,,,,,,,,,,,,,,,,,,,,,,,,,,,,,,,,,,,,,,,,,,,,,,,,,,,,,,,,,,,,,,,,,,,,,,,,,,,,,,,,,,,,,,,,,,,,,,,,,,,,,,,,,,,,,,,,,,,,,,,,,,,,,,,,,,,,,,,,,,,,,,,,,,,,,,,,,,,,,,,,,,,,,,,,,,,,,,,,,,,,,,,,,,,,,,,,,,,,,,,,,,,,,,,,,,,,,,,,,,,,,,,,,,,,,,,,,,,,,,,,,,,,,,,,,,,,,,,,,,,,,,,,,,,,,,,,,,,,,,,,,,,,,,,,,,,,,,,,,,,,,,,,,,,,,,,,,,,,,,,,,,,,,,,,,,,,,,,,,,,,,,,,,,,,,,,,,,,,,,,,,,,,,,,,,,,,,,,,,,,,,,,,,,,,,,
GOCC_RNA_POLYMERASE_III_COMPLEX,POLR3F,POLR3G,POLR3C,POLR3A,POLR3H,CRCP,POLR1D,POLR3K,POLR2E,POLR2F,POLR2H,POLR2K,POLR2L,POLR3B,POLR3E,POLR3D,POLR3GL,POLR1C,,,,,,,,,,,,,,,,,,,,,,,,,,,,,,,,,,,,,,,,,,,,,,,,,,,,,,,,,,,,,,,,,,,,,,,,,,,,,,,,,,,,,,,,,,,,,,,,,,,,,,,,,,,,,,,,,,,,,,,,,,,,,,,,,,,,,,,,,,,,,,,,,,,,,,,,,,,,,,,,,,,,,,,,,,,,,,,,,,,,,,,,,,,,,,,,,,,,,,,,,,,,,,,,,,,,,,,,,,,,,,,,,,,,,,,,,,,,,,,,,,,,,,,,,,,,,,,,,,,,,,,,,,,,,,,,,,,,,,,,,,,,,,,,,,,,,,,,,,,,,,,,,,,,,,,,,,,,,,,,,,,,,,,,,,,,,,,,,,,,,,,,,,,,,,,,,,,,,,,,,,,,,,,,,,,,,,,,,,,,,,,,,,,,,,,,,,,,,,,,,,,,,,,,,,,,,,,,,,,,,,,,,,,,,,,,,,,,,,,,,,,,,,,,,,,,,,,,,,,,,,,,,,,,,,,,,,,,,,,,,,,,,,,,,,,,,,,,,,,,,,,,,,,,,,,,,,,,,,,,,,,,,,,,,,,,,,,,,,,,,,,,,,,,,,,,,,,,,,,,,,,,,,,,,,,,,,,,,,,,,,,,,,,,,,,,,,,,,,,,,,,,,,,,,,,,,,,,,,,,,,,,,,,,,,,,,,,,,,,,,,,,,,,,,,,,,,,,,,,,,,,,,,,,,,,,,,,,,,,,,,,,,,,,,,,,,,,,,,,,,,,,,,,,,,,,,,,,,,,,,,,,,,,,,,,,,,,,,,,,,,,,,,,,,,,,,,,,,,,,,,,,,
GOCC_RIBOSOME,RNA5-8SN5,RNA5S1,RNA5S9,LINC01004,LZTS1-AS1,RACK1,MRPL28,MRPS30,GCN1,MRPL3,RPL35,MRPL53,MRPL54,RPL39L,MRPL52,MRPL10,MRPL55,MTERF4,DNAJC21,RPS4Y2,RPL10L,DHX9,NR0B1,ELAVL4,RPL22L1,MRPL21,RPLP0P6,MRPS27,LARP4B,LARP1,RPL13A,RPL36,MTG2,MRPL46,SERP1,RPL7L1,MRPS28,MRPS18B,MRPL42,MRPL13,MRPL18,MRPL15,MRPL22,HBA1,HBA2,APEX1,MRPL58,APOD,NSUN4,RPSA,EIF2AK4,MT3,NCK1,NDUFA7,RPL10A,MRPS16,MRPS18C,RPS27L,MRPL2,MRPL4,MRPS7,MRPS2,RPL26L1,HSPA14,RSL24D1,MRPL37,MRPL51,MRPL30,MRPL27,MRPL35,MRPS17,ZCCHC17,MRPL48,MRPS33,MRPL39,MRPS21,DHX29,MRPL50,MRPL16,MRPL20,MRPS18A,MRPS10,RPL39P5,EIF2AK2,MRPS22,MRPL47,NUFIP2,MRPS35,RPL3,RPL3L,RPL4,RPL5,RPL6,RPL7,RPL7A,RPL8,RPL9,RPL10,RPL11,RPL12,RPL13,RPL15,RPL17,RPL18,RPL18A,RPL19,RPL21,RPL22,RPL23A,MRPL23,RPL24,RPL26,RPL27,RPL30,RPL27A,RPL28,RPL29,RPL31,RPL32,RPL34,RPL35A,RPL36AL,RPL37,RPL37A,RPL38,RPL39,RPL41,RPL36A,RPLP0,RPLP1,RPLP2,MRPL12,MRPS12,RPS2,RPS3,RPS3A,RPS4X,RPS4Y1,RPS5,RPS6,RPS7,RPS8,RPS9,RPS10,RPS11,RPS12,RPS13,RPS14,RPS15,RPS15A,RPS16,RPS17,RPS18,RPS19,RPS20,RPS21,RPS23,RPS24,RPS25,RPS26,RPS27,RPS27A,RPS28,RPS29,RRBP1,MRPL17,NSUN3,MRPS14,RPL37AP8,RPL13AP3,MRPL14,MRPS26,MRPS24,MRPS15,MRPS11,MRPS9,MRPS6,MRPS5,MRPL41,MRPL40,MRPL38,MRPL36,MRPL34,MRPL32,MRPL11,MRPL9,MRPL1,MRPL44,MRPS34,SRP68,BTF3,HULC,UBA52,MRPL49,SF1,DAP3,MRPL57,MRPL24,CANX,RPS6KL1,EIF2A,MRPL45,MRPL43,MPV17L2,EIF3H,B3GALT4,PNPT1,RPL14,MTG1,MRPS36,RPS10P5,RPL23,FXR2,MRPL33,ISG15,MRPL19,,,,,,,,,,,,,,,,,,,,,,,,,,,,,,,,,,,,,,,,,,,,,,,,,,,,,,,,,,,,,,,,,,,,,,,,,,,,,,,,,,,,,,,,,,,,,,,,,,,,,,,,,,,,,,,,,,,,,,,,,,,,,,,,,,,,,,,,,,,,,,,,,,,,,,,,,,,,,,,,,,,,,,,,,,,,,,,,,,,,,,,,,,,,,,,,,,,,,,,,,,,,,,,,,,,,,,,,,,,,,,,,,,,,,,,,,,,,,,,,,,,,,,,,,,,,,,,,,,,,,,,,,,,,,,,,,,,,,,,,,,,,,,,,,,,,,,,,,,,,,,,,,,,,,,,,,,,,,,,,,,,,,,,,,,,,,,,,,,,,,,,,,,,,,,,,,,,,,,,,,,,,,,,,,,,,,,,,,,,,,,,,,,,,,,,,,,,,,,,,,,,,,,,,,,,,,,,,,,,,,,,,,,,,,,,,,,,,,,,,,,,,,,,,,,,,,,,,,,,,,,,,,,,,,,,,,,,,,,,,,,,,,,,,,,,,,,,,,,,,,,,,,,,,,,,,,,,,,,,,,,,,,,,,,,,,,,,,,,,,,,,,,,,,,,,,,,,,,,,,,,,,,,,
GOCC_ORGANELLAR_RIBOSOME,MRPL28,MRPS30,MRPL3,MRPL53,MRPL54,MRPL52,MRPL10,MRPL55,MTERF4,MRPL21,MRPS27,MTG2,MRPL46,MRPS28,MRPS18B,MRPL42,MRPL13,MRPL18,MRPL15,MRPL22,MRPL58,NSUN4,NDUFA7,MRPS16,MRPS18C,MRPL2,MRPL4,MRPS7,MRPS2,MRPL37,MRPL51,MRPL30,MRPL27,MRPL35,MRPS17,MRPL48,MRPS33,MRPL39,MRPS21,MRPL50,MRPL16,MRPL20,MRPS18A,MRPS10,MRPS22,MRPL47,MRPS35,MRPL23,MRPL12,MRPS12,MRPL17,NSUN3,MRPS14,MRPL14,MRPS26,MRPS24,MRPS15,MRPS11,MRPS9,MRPS6,MRPS5,MRPL41,MRPL40,MRPL38,MRPL36,MRPL34,MRPL32,MRPL11,MRPL9,MRPL44,MRPS34,MRPL49,DAP3,MRPL57,MRPL24,MRPL45,MRPL43,MPV17L2,MTG1,MRPL33,MRPL19,,,,,,,,,,,,,,,,,,,,,,,,,,,,,,,,,,,,,,,,,,,,,,,,,,,,,,,,,,,,,,,,,,,,,,,,,,,,,,,,,,,,,,,,,,,,,,,,,,,,,,,,,,,,,,,,,,,,,,,,,,,,,,,,,,,,,,,,,,,,,,,,,,,,,,,,,,,,,,,,,,,,,,,,,,,,,,,,,,,,,,,,,,,,,,,,,,,,,,,,,,,,,,,,,,,,,,,,,,,,,,,,,,,,,,,,,,,,,,,,,,,,,,,,,,,,,,,,,,,,,,,,,,,,,,,,,,,,,,,,,,,,,,,,,,,,,,,,,,,,,,,,,,,,,,,,,,,,,,,,,,,,,,,,,,,,,,,,,,,,,,,,,,,,,,,,,,,,,,,,,,,,,,,,,,,,,,,,,,,,,,,,,,,,,,,,,,,,,,,,,,,,,,,,,,,,,,,,,,,,,,,,,,,,,,,,,,,,,,,,,,,,,,,,,,,,,,,,,,,,,,,,,,,,,,,,,,,,,,,,,,,,,,,,,,,,,,,,,,,,,,,,,,,,,,,,,,,,,,,,,,,,,,,,,,,,,,,,,,,,,,,,,,,,,,,,,,,,,,,,,,,,,,,,,,,,,,,,,,,,,,,,,,,,,,,,,,,,,,,,,,,,,,,,,,,,,,,,,,,,,,,,,,,,,,,,,,,,,,,,,,,,,,,,,,,,,,,,,,,,,,,,,,,,,,,,,,,,,,,,,,,,,,,,,,,,,,,,,,,,,,
GOCC_CYTOSOLIC_RIBOSOME,RPL35,RPL39L,RPS4Y2,RPL10L,RPLP0P6,RPL13A,RPL36,RPL7L1,HBA1,HBA2,APOD,RPSA,EIF2AK4,RPL10A,RPS27L,RPL26L1,ZCCHC17,DHX29,RPL39P5,RPL3,RPL3L,RPL4,RPL5,RPL6,RPL7,RPL7A,RPL8,RPL9,RPL10,RPL11,RPL12,RPL13,RPL15,RPL17,RPL18,RPL18A,RPL19,RPL21,RPL22,RPL23A,RPL24,RPL26,RPL27,RPL30,RPL27A,RPL28,RPL29,RPL31,RPL32,RPL34,RPL35A,RPL36AL,RPL37,RPL37A,RPL38,RPL39,RPL41,RPL36A,RPLP0,RPLP1,RPLP2,RPS2,RPS3,RPS3A,RPS4X,RPS4Y1,RPS5,RPS6,RPS7,RPS8,RPS9,RPS10,RPS11,RPS12,RPS13,RPS14,RPS15,RPS15A,RPS16,RPS17,RPS18,RPS19,RPS20,RPS21,RPS23,RPS24,RPS25,RPS26,RPS27,RPS27A,RPS28,RPS29,MRPS11,MRPL1,UBA52,EIF2A,B3GALT4,RPL14,RPS10P5,RPL23,FXR2,ISG15,,,,,,,,,,,,,,,,,,,,,,,,,,,,,,,,,,,,,,,,,,,,,,,,,,,,,,,,,,,,,,,,,,,,,,,,,,,,,,,,,,,,,,,,,,,,,,,,,,,,,,,,,,,,,,,,,,,,,,,,,,,,,,,,,,,,,,,,,,,,,,,,,,,,,,,,,,,,,,,,,,,,,,,,,,,,,,,,,,,,,,,,,,,,,,,,,,,,,,,,,,,,,,,,,,,,,,,,,,,,,,,,,,,,,,,,,,,,,,,,,,,,,,,,,,,,,,,,,,,,,,,,,,,,,,,,,,,,,,,,,,,,,,,,,,,,,,,,,,,,,,,,,,,,,,,,,,,,,,,,,,,,,,,,,,,,,,,,,,,,,,,,,,,,,,,,,,,,,,,,,,,,,,,,,,,,,,,,,,,,,,,,,,,,,,,,,,,,,,,,,,,,,,,,,,,,,,,,,,,,,,,,,,,,,,,,,,,,,,,,,,,,,,,,,,,,,,,,,,,,,,,,,,,,,,,,,,,,,,,,,,,,,,,,,,,,,,,,,,,,,,,,,,,,,,,,,,,,,,,,,,,,,,,,,,,,,,,,,,,,,,,,,,,,,,,,,,,,,,,,,,,,,,,,,,,,,,,,,,,,,,,,,,,,,,,,,,,,,,,,,,,,,,,,,,,,,,,,,,,,,,,,,,,,,,,,,,,,,,,,,,,,,,,,,,,,,,,,,,,,,,,,,,,,,,,,,,,,,,,,,
GOCC_RIBONUCLEOPROTEIN_COMPLEX,SRA1,SNRPGP15,SNAP25-AS1,RNU4ATAC,RNU6ATAC,MIR320B1,MIR320C1,MIR320D2,MIR320C2,MIR320B2,MIR320D1,MIR320E,BHLHE40-AS1,PDCD7,LRPPRC,RBM12,RNVU1-8,G3BP1,RBM5,ALYREF,TTC9-DT,GJD2-DT,ENSG00000283175,RNVU1-4,RNVU1-14,RNVU1-15,RNVU1-17,RNU6-9,RNVU1-3,RNVU1-1,RNU6-7,RNVU1-6,RNVU1-19,MPHOSPH10,EIF1,HNRNPR,POP7,SRRM1,SF3B4,ENSG00000275464,CWC27,SMNDC1,BCAS2,EIF1B,SF3A1,ADAR,RACK1,NSA2,CD2BP2,RBM14,EMG1,MCRS1,PPIE,PPIH,EIF3M,SYNCRIP,DDX17,NOP56,LINC01715,RPP30,RPP38,ARFGEF1,SLU7,MRPL28,PRPF8,TBL3,HEXIM1,IVNS1ABP,IGF2BP1,CELF1,CELF2,USP39,PTGES3,POP4,ENSG00000259697,RPP40,UTP14A,RUVBL2,MRPS30,WDR3,TXNL4A,POP1,SF3A3,EBNA1BP2,GCN1,SF3B2,CPSF6,SNRNP35,RPP14,KRR1,LSM6,PKP3,CELF3,WBP4,MRPL3,RPL35,U2AF2,CIRBP,MRPL53,MRPL54,RPL39L,FTSJ3,PIH1D2,CLNS1A,LRRK2,MRPL52,ZC3H18,MSI2,MRPL10,RN7SK,MRPL55,DIS3L2,RBM45,MTERF4,PABPC4L,CPEB2,LSM11,WDR36,RPP25L,RBMXL3,RPS4Y2,RNF113B,RPL10L,PABPC5,SREK1,PARP4,CWF19L2,HNRNPA1L2,OVAAL,CCDC12,ZNF827,JAKMIP1,SRFBP1,ZMAT2,SNRNP48,NOP9,DDX1,DDX5,DQX1,DDX6,DHX8,DHX9,DHX15,DCP2,DKC1,DYRK1A,NR0B1,AGO3,AGO4,EEF2,EIF2S1,EIF4E,EIF4G1,ELAVL2,ELAVL1,ELAVL3,ELAVL4,U2AF1L4,APOBEC3F,EPRS1,ERG,FBL,MRPL21,RPLP0P6,HNRNPA3,CASC3,CPEB3,WDR37,RALY,SNW1,PDCD11,SNRNP200,RRP1B,MRPS27,LARP4B,MDN1,JMJD6,RRS1,BOP1,SMG6,FMR1,LARP1,SMG5,PPWD1,DICER1,SF3B3,SF3B1,CBX5,PES1,MTREX,RPL13A,SRRM2,DDX58,NUP62,LSM5,TFIP11,PRPF6,FRG1,PRPF40B,LSM4,RPL36,DCAF13,SYF2,GAPDH,AAR2,NGDN,UPF2,LSM14A,PRPF31,NOC2L,RSL1D1,AGO1,DAZAP1,MRPL46,NUFIP1,SNORA74A,RNU11,RNU6-1,RNU5F-1,RNU5E-1,RNU5D-1,RNU5A-1,RNU5B-1,RNU4-2,RNU4-1,RNVU1-7,PABPC1,AKAP8L,UTP25,SND1,STAU2,AGO2,GPKOW,LSM3,RBMXL2,RBMS3,RBMX,TNRC6A,EIF3K,HTATSF1,PRPF19,UTP20,RRP7A,RPL7L1,WEE2-AS1,MRPS28,MRPS18B,MRPL42,NOB1,MRPL13,MRPL18,MRPL15,MRPL22,GRSF1,GTF3C1,TRA2A,HSD17B10,HBA1,HBA2,HDLBP,HNRNPA1,HNRNPA2B1,HNRNPAB,HNRNPC,HNRNPD,HNRNPF,HNRNPH1,HNRNPH2,HNRNPH3,HNRNPK,HNRNPL,HNRNPU,HSF1,HSPA1A,HSPA1B,HSPA8,MRPL58,FBLL1,IGHMBP2,IK,ILF2,ILF3,EIF3E,EIF6,RN7SL2,RN7SL3,RBMY1B,RBMY1D,RBMY1E,NSUN4,RBM12B,RPSA,LGALS3,MIR206,MIR31,MIR320A,MAGOH,MFAP1,EIF2AK4,MIR324,MIR342,MSI1,MYH10,HNRNPM,NCBP1,NCL,DRG1,RPL10A,NFATC2,SNU13,NPM1,YBX1,NUP98,NVL,RBMXL1,PABPC3,GEMIN4,MYEF2,RRP15,MRPS16,MRPS18C,RPS27L,MRPL2,MRPL4,FCF1,MRPS7,UTP18,MRPS2,UTP11,RPL26L1,MRTO4,MRPL37,MRPL51,MRPL30,MRPL27,MRPL35,WAC,CRNKL1,CDC40,POP5,MRPS17,EIF3L,NIP7,RWDD1,DDX41,CWC15,ZCCHC17,LARP7,SRRT,NOP58,LUC7L2,RBMX2,SF3B6,MRPL48,PPIL1,MRPS33,LSM7,LSM8,WBP11,LUC7L3,C9orf78,PHAX,PKP1,PKP2,PLRG1,PPIL3,PNN,MRPL39,GAR1,MRPS21,DHX29,MRPL50,GNL3L,L1TD1,WDR74,ZNHIT6,ESRP1,CWC25,RPP25,TRMT10C,MRPL16,TXNL4B,PIH1D1,PRPF39,MRPL20,GPATCH1,PPP1R8,MAGOHB,PRPF38B,HEATR1,RBM28,WRAP53,MRPS18A,MRPS10,NAT10,SMU1,IMP3,CWF19L1,RBM41,RPL39P5,LARP6,IMPACT,NOP10,ZCCHC8,RNPC3,NHP2,PRPF40A,LUC7L,RBM22,YJU2,TSR1,WDR12,DHX32,RIOK2,UTP6,PRKDC,ZMAT5,TDRD1,MEPCE,CTNNBL1,PPAN,PSMA1,CELF4,PSMA6,MRPS22,XAB2,UTP3,MRPL47,ISY1,XPO5,NUFIP2,CWC22,SUGP1,LSM2,PTBP2,PWP2,CACTIN,RBM3,RBMS1,RBMS2,UPF1,ACTB,RHEB,RMRP,RN7SL1,SNORA63,SNORA62,MRPS35,APOBEC3G,RNU1-4,DHX35,RNVU1-2A,RNU2-1,CELF6,EEFSEC,CELF5,SNORA73A,RPL3,RPL3L,RPL4,RPL5,RPL6,RPL7,RPL7A,RPL8,RPL9,RPL10,RPL11,RPL12,RPL13,RPL15,RPL17,RPL18,RPL18A,RPL19,RPL21,RPL22,RPL23A,MRPL23,RPL24,RPL26,RPL27,RPL30,RPL27A,RPL28,RPL29,RPL31,RPL32,RPL34,RPL35A,RPL36AL,RPL37,RPL37A,RPL38,RPL39,RPL41,RPL36A,RPLP0,RPLP1,RPLP2,MRPL12,MRPS12,RPS2,RPS3,RPS3A,RPS4X,RPS4Y1,RPS5,RPS6,MIR455,RPS7,RPS8,RPS9,RPS10,RPS11,RPS12,RPS13,RPS14,RPS15,RPS15A,RPS16,RPS17,RPS18,RPS19,RPS20,RPS21,RPS23,RPS24,RPS25,RPS26,RPS27,RPS27A,RPS28,RPS29,ATXN2,MRPL17,NSUN3,MRPS14,SRSF1,SRSF2,TRA2B,CPEB1,MRPL14,MRPS26,MRPS24,MRPS15,MRPS11,MRPS9,MRPS6,MRPS5,MRPL41,MRPL40,MRPL38,MRPL36,MRPL34,MRPL32,MRPL11,MRPL9,MRPL1,ACD,MRPL44,NOL6,KRI1,MRPS34,SNRNP70,SNRPA,SNRPA1,SNRPB,SNRPB2,SNRPC,SNRPD1,SNRPD2,SNRPD3,SNRPE,SNRPF,SNRPG,SNRPN,BRCA1,SRP9,SRP14,SRP19,SRP54,SRP68,SRP72,TRIM21,RO60,SSB,ZFP36L1,TAF9,BTF3,TARBP2,GCFC2,TEP1,TERC,TERT,BYSL,TOP2A,TOP2B,EIF3CL,U2AF1,ZRSR2P1,UBA52,MRPL49,VBP1,VIM,XPO1,XRCC5,SF1,ZFP36,MKRN3,RNF113A,DAP3,SLBP,MRPL57,SECISBP2,NOC4L,RBM42,DDX39B,MRPL24,SNRNP25,EFL1,PRKRIP1,LIN28A,TEFM,SNIP1,ZC3H14,RPP21,NOL10,ESRP2,RPF1,CPEB4,PABPC1L,FXR1,ACTN4,PABPN1,CALR,YJU2B,SF3A2,LAS1L,SLIRP,ESS2,AKAP17A,ZRSR2,SF3B5,RIOK1,EIF2A,NSRP1,FBXW9,RNF135,WDR83,UTP23,MRPL45,DYRK2,DHX16,MRPL43,MAK16,TTF2,MPV17L2,BUD13,PHF5A,GEMIN2,UTP4,LTV1,PRPF38A,LSM10,RBM17,API5,SLX9,ZCRB1,UNK,RPPH1,PRPF18,RRP1,NOP14,RUVBL1,JRK,EIF3A,EIF3B,EIF3C,EIF3D,EIF3F,EIF3G,EIF3H,EIF3I,EIF3J,B3GALT4,PNPT1,PABPC4,RIOK3,IQGAP1,RRP36,BUD31,PRPF4B,LIMD1,ZNF622,RPL14,ERI1,SART1,PRPF4,PRPF3,RRP9,ZNF830,RRP7BP,NOLC1,NAF1,WDR46,IMP4,RPS10P5,ZNHIT3,EFTUD2,RPL23,SNRNP40,DDX23,FXR2,MRPL33,ISG15,TGS1,PRORP,AQR,UTP14C,SECISBP2L,EIF4A3,DHX38,BMS1,MRPL19,CDC5L,SMG7,G3BP2,RBM8A,,,,,,,,,,,,,,,,,,,,,,,,,,,,,,,,,,,,,,,,,,,,,,,,,,,,,,
GOCC_ACTIN_CYTOSKELETON,CDH2,PDCD6IP,MYZAP,ARPC5,ARPC4,ARPC3,ARPC1B,ACTR3,ACTR2,ADAM8,ARPC2,ACTR1B,ACTR1A,WASF2,FLOT1,SPRY2,MAEA,APC2,APBB3,NPM3,CORO2B,MYL12B,DLC1,MYL9,RAPGEF3,HAX1,BAIAP2,CAP1,CIB2,NEBL,DCTN2,ARPC1A,SORBS1,CDC42EP3,PDLIM5,MYL12A,GAS2L1,DCTN6,AVIL,CORIN,CFL1,CFL2,NCKAP1,IQGAP2,ZNF268,SEPTIN9,GJB6,ACTL7B,ACTL7A,NPFFR2,FERMT2,DSTN,TOPBP1,TRIOBP,KPTN,CORO1A,LDB3,FAM107A,AKAP13,DCTN3,KLHL2,GABARAP,TWF2,SYNPO,ADCY8,ADD1,C10orf90,ADD2,ACKR2,SEPTIN12,USH1G,MISP,RINL,CNN2,CNN3,CNR1,XIRP2,PLEKHH2,AFAP1L1,SHROOM1,MTPN,ABRA,CRK,MYL6B,MYO3B,DYNLL2,CRYAB,RFLNA,CARMIL2,WIPF2,KNCN,CTNNA1,CTNNA2,CYBA,AMOT,DGKH,DAPK1,DBN1,XIRP1,DHX9,ACTL10,SYNPO2,DMD,DPYSL3,EEF1A1,AIF1,ANKRD23,MARK2,SAMD14,CTTN,EPB41L2,DMTN,EPHA3,SMTNL1,FER,ALDOA,FGR,FHL3,ABLIM3,EFR3B,MYH15,LIMCH1,DAAM1,STK38L,PALLD,MYO16,SWAP70,SIPA1L3,FLII,FLNA,MPRIP,FLNB,FLOT2,FLT1,ARC,COBL,EHBP1,FKBP15,SPECC1L,COTL1,RHOQ,MACF1,CDC42EP4,DDX58,CORO1C,CD2AP,IFIT5,GAS2L2,ABL1,FYB1,FYN,EHBP1L1,FSCN2,LMOD1,WHRN,MYRIP,CLIC4,SIPA1L1,AUTS2,RGS22,GAS2,GBP1,INTS6,ABL2,HSPB7,FILIP1,DENND2A,KLHL20,RND1,PDLIM3,AMPH,BIN1,ANG,GAS2L3,MYO1H,ACTL9,SH3PXD2B,DBNL,ARHGAP35,FHOD1,CD274,GSN,TMOD4,TMOD3,TMOD2,PARVB,TFPT,MYLPF,PRICKLE4,GYS2,FSCN3,H1-0,ANXA1,HCK,HCLS1,TAX1BP3,STOML2,ACACA,FOXA3,HNRNPC,HNRNPK,KLHL17,FMN1,SMTNL2,ACTBL2,SHROOM2,RFLNB,ILK,IPP,JUP,PEAK3,CATIP,KRT19,PVALEF,LAD1,LASP1,LCP1,ARHGAP6,ABLIM1,LLGL2,LLGL1,MYO18A,LPP,LSP1,MARCKS,MOBP,POTEKP,LMOD2,MYO1B,MSRA,MST1R,MYO1F,MYH1,MYH2,MYH3,MYH4,MYH6,MYH7,MYH8,MYH9,MYH10,MYH11,MYL1,MYL2,MYL3,MYL4,MYL5,MYL6,MYLK,MYO1A,MYO1C,MYO1D,MYO1E,MYO5A,MYO5B,MYO6,MYO7A,MYO7B,MYO9A,MYO9B,MYO10,PPP1R12A,NEB,SEPTIN2,NF2,NOTCH3,ROR1,DDR2,PJVK,OPHN1,PAK1,PAWR,ASAP1,VILL,DCTN4,MYO15A,SPTBN5,BIN2,SNX9,LIMA1,MSRB1,MYOZ2,PGM5,ABCB4,CLIC5,PLS1,PLS3,MYO3A,ANLN,NEURL1B,FBLIM1,GDPD2,KANSL2,CENPQ,TMEM63B,CARMIL1,PPP1R9A,NDC1,PARVA,SEPTIN11,TTC17,PRKCB,AXL,ACTR10,PRKCZ,BIN3,LANCL2,CTTNBP2NL,MYO5C,BAIAP2L1,LMOD3,FMN2,SPPL2B,DUSP22,PDXP,CORO1B,RAB22A,PTK2,SHROOM4,CGN,TWF1,KLHL14,ARHGAP21,VPS18,SHROOM3,MYH7B,NCOA5,SPTBN4,PTPN12,ACTA1,PVALB,PXN,RHOU,MYL7,MYOZ1,MPP4,RAB5A,RAC1,RAC2,RAC3,ACTA2,RARA,TLNRD1,TRPV4,RDX,ACTB,AFAP1,RTKN,SCNN1D,PKNOX2,MYO1G,PARVG,KIF9,PDLIM2,WIPF3,SH3GL1,MICAL1,SLC2A1,SMTN,SNCA,FSCN1,SPTA1,SPTAN1,SPTB,SPTBN1,SPTBN2,SRC,STX1A,SVIL,ADAM17,TAF5,ACTC1,TEK,TJP1,ACTG1,TMOD1,CLDN5,TNNC2,TNNC1,TNNI1,TNNI2,TNNI3,TNNT1,TNNT2,TNNT3,TPM1,TPM2,TPM3,TPM4,ACTG2,TRIP6,TSC1,UTRN,VASP,VCAM1,VCL,VIL1,EZR,WAS,WIPF1,YES1,ZNF74,ZNF174,ZNF185,ZYX,AHNAK,MLPH,CALB1,ARSJ,MICALL2,MYH14,PEAK1,ARHGEF5,SYNPO2L,POF1B,CALD1,MYO19,MED28,SRCIN1,ACTN4,ACTL8,ARPC5L,CAPG,CAPN2,CAPZA1,CAPZA2,CAPZB,AIF1L,TLN2,JAM3,FERMT3,ESPN,CTTNBP2,MYH16,ABLIM2,PPP1R9B,SORBS2,MYO18B,CDC42BPA,CGNL1,GAS7,ALG2,BARX2,TNKS1BP1,SCIN,PDLIM4,CASK,ACTN1,MYH13,ACTN2,CCIN,IQGAP1,KAT2B,ACTN3,WASF1,WASL,FCHSD1,KALRN,HAP1,BMF,PSTPIP2,PSTPIP1,DNAJA3,PDLIM1,NEXN,MYADM,MYLK3,MYOZ3,MTSS2,RCSD1,SPECC1,PDLIM7,STK17B,CCDC102A,TAOK2,TRMT10A,CAPZA3,SLC9A3R1,LPXN,ONECUT2,MYOT,BAG3,BCAR1,CDC42BPB,SH3PXD2A,MICAL2,CROCC,KNTC1,ARHGAP32,MTSS1,KEAP1,SEPTIN7,WDR1,CDH1,,,,,,,,,,,,,,,,,,,,,,,,,,,,,,,,,,,,,,,,,,,,,,,,,,,,,,,,,,,,,,,,,,,,,,,,,,,,,,,,,,,,,,,,,,,,,,,,,,,,,,,,,,,,,,,,,,,,,,,,,,,,,,,,,,,,,,,,,,,,,,,,,,,,,,,,,,,,,,,,,,,,,,,,,,,,,,,,,,,,,,,,,,,,,,,,,,,,,,,,,,,,,,,,,,,,,,,,,,,,,,,,,,,,,,,,,,,,,,,,,,,,,,,,,,,,,,,,,,,,,,,,,,,,,,,,,,,,,,,,,,,,,,,,,
GOCC_ACTIN_FILAMENT,APC2,PDLIM5,GAS2L1,AVIL,NCKAP1,GJB6,CORO1A,LDB3,TWF2,ACKR2,MISP,WIPF2,AMOT,DBN1,DPYSL3,AIF1,MARK2,CTTN,DMTN,SMTNL1,PALLD,COBL,EHBP1,SPECC1L,COTL1,RHOQ,CD2AP,GAS2L2,FYN,EHBP1L1,LMOD1,WHRN,GAS2,PDLIM3,GAS2L3,DBNL,TFPT,PRICKLE4,ANXA1,HCK,HCLS1,FMN1,SMTNL2,ACTBL2,LCP1,ARHGAP6,POTEKP,LMOD2,MYO1B,MYO1A,MYO1C,MYO5A,MYO6,MYO9B,PAK1,PAWR,PLS1,PLS3,MYO3A,GDPD2,CARMIL1,DUSP22,CORO1B,SHROOM4,TWF1,VPS18,SPTBN4,ACTA1,RAC1,RAC2,RAC3,ACTB,PDLIM2,WIPF3,SMTN,SRC,ACTC1,TEK,ACTG1,TMOD1,TPM1,TPM2,TPM3,TPM4,TSC1,EZR,WAS,WIPF1,YES1,POF1B,AIF1L,JAM3,ESPN,MYO18B,GAS7,PDLIM4,ACTN1,ACTN2,IQGAP1,ACTN3,WASL,PSTPIP2,PSTPIP1,DNAJA3,PDLIM1,RCSD1,SPECC1,PDLIM7,MICAL2,KEAP1,,,,,,,,,,,,,,,,,,,,,,,,,,,,,,,,,,,,,,,,,,,,,,,,,,,,,,,,,,,,,,,,,,,,,,,,,,,,,,,,,,,,,,,,,,,,,,,,,,,,,,,,,,,,,,,,,,,,,,,,,,,,,,,,,,,,,,,,,,,,,,,,,,,,,,,,,,,,,,,,,,,,,,,,,,,,,,,,,,,,,,,,,,,,,,,,,,,,,,,,,,,,,,,,,,,,,,,,,,,,,,,,,,,,,,,,,,,,,,,,,,,,,,,,,,,,,,,,,,,,,,,,,,,,,,,,,,,,,,,,,,,,,,,,,,,,,,,,,,,,,,,,,,,,,,,,,,,,,,,,,,,,,,,,,,,,,,,,,,,,,,,,,,,,,,,,,,,,,,,,,,,,,,,,,,,,,,,,,,,,,,,,,,,,,,,,,,,,,,,,,,,,,,,,,,,,,,,,,,,,,,,,,,,,,,,,,,,,,,,,,,,,,,,,,,,,,,,,,,,,,,,,,,,,,,,,,,,,,,,,,,,,,,,,,,,,,,,,,,,,,,,,,,,,,,,,,,,,,,,,,,,,,,,,,,,,,,,,,,,,,,,,,,,,,,,,,,,,,,,,,,,,,,,,,,,,,,,,,,,,,,,,,,,,,,,,,,,,,,,,,,,,,,,,,,,,,,,,,,,,,,,,,,,,,,,,,,,,,,,,,,,,,,,,,,,,,,,,,,,,,,,,,,,,,,,,,
GOCC_F_ACTIN_CAPPING_PROTEIN_COMPLEX,ADD1,ADD2,MTPN,CAPG,CAPZA1,CAPZA2,CAPZB,CAPZA3,,,,,,,,,,,,,,,,,,,,,,,,,,,,,,,,,,,,,,,,,,,,,,,,,,,,,,,,,,,,,,,,,,,,,,,,,,,,,,,,,,,,,,,,,,,,,,,,,,,,,,,,,,,,,,,,,,,,,,,,,,,,,,,,,,,,,,,,,,,,,,,,,,,,,,,,,,,,,,,,,,,,,,,,,,,,,,,,,,,,,,,,,,,,,,,,,,,,,,,,,,,,,,,,,,,,,,,,,,,,,,,,,,,,,,,,,,,,,,,,,,,,,,,,,,,,,,,,,,,,,,,,,,,,,,,,,,,,,,,,,,,,,,,,,,,,,,,,,,,,,,,,,,,,,,,,,,,,,,,,,,,,,,,,,,,,,,,,,,,,,,,,,,,,,,,,,,,,,,,,,,,,,,,,,,,,,,,,,,,,,,,,,,,,,,,,,,,,,,,,,,,,,,,,,,,,,,,,,,,,,,,,,,,,,,,,,,,,,,,,,,,,,,,,,,,,,,,,,,,,,,,,,,,,,,,,,,,,,,,,,,,,,,,,,,,,,,,,,,,,,,,,,,,,,,,,,,,,,,,,,,,,,,,,,,,,,,,,,,,,,,,,,,,,,,,,,,,,,,,,,,,,,,,,,,,,,,,,,,,,,,,,,,,,,,,,,,,,,,,,,,,,,,,,,,,,,,,,,,,,,,,,,,,,,,,,,,,,,,,,,,,,,,,,,,,,,,,,,,,,,,,,,,,,,,,,,,,,,,,,,,,,,,,,,,,,,,,,,,,,,,,,,,,,,,,,,,,,,,,,,,,,,,,,,,,,,,,,,,,,,,,,,,,,,,,,,,,,,,,,,,,,,,,,,,,,,,,
GOCC_ACTIN_BASED_CELL_PROJECTION,ABI1,USH1C,ARL4C,ABI2,FARP1,CDK5,TUBB3,RAPGEF3,BAIAP2,CIB2,CIB1,PDPN,IGF2BP1,IQGAP2,STARD10,SLC27A4,TRIOBP,KPTN,ADCY6,TWF2,TMC1,TMC2,CLCA1,MORN4,LRRK2,FGD4,LOXHD1,CEACAM20,CNP,MYO3B,CTNNB1,PROM2,CXADR,AP2A1,DAG1,STRC,DMD,DYNC1H1,DPEP1,SLC26A2,MUC20,EPHA4,EPHB1,EPS8,FABP2,FAT1,SPATA13,LHFPL5,FGF13,NLGN1,RUFY3,NFASC,CYFIP1,SYNE2,FMR1,CRB1,SLC7A8,ANKS4B,FSCN2,WHRN,SPEF1,CLIC4,GAP43,ADGRA2,NGDN,OSBPL3,TIAM2,B4GALT1,CBLIF,GPM6A,MYO1H,ANGPT1,TPRN,FSCN3,UBE2K,HLA-G,FOXA1,ICAM2,ENPP7,ESPNL,APP,AQP5,INPPL1,ITGA3,ITGAV,ITGB1,ITGB3,TBC1D10C,WASH3P,ARF6,SCIMP,CEACAM16,RHOC,GRXCR1,LCP1,MAP2,KITLG,MPP1,MYO1B,MSN,MTM1,MYO1F,MTTP,MYO1A,MYO1C,MYO1D,MYO1E,MYO5A,MYO6,MYO7A,MYO7B,MYO10,NF2,PJVK,OXTR,PAFAH1B1,DEF6,PALM,MYO15A,DCXR,PDGFA,PDGFRA,PDZK1,WWOX,ATP8B1,ATP6V1A,ATP6V1B1,ATP6V1B2,ATP6V1E1,PLS1,ATP7A,CDHR5,MYO3A,TSPEAR,PODXL,CDHR2,ABITRAM,ACP3,PLEKHG6,STRCP1,UBE2Q1,VEZT,PPP1R9A,ENAH,FMN2,TTYH1,TENM2,ERMN,TWF1,SHTN1,PTPRH,ACTA1,PVALB,LY6G6D,ACTA2,TRPV4,RDX,EXOC4,S100P,CEACAM1,MYO1G,CDH23,GRXCR2,EPS8L2,RAPH1,PCDH15,SLC6A6,SLC10A2,FSCN1,SPN,ACTC1,TEK,TGFB1,ACTG2,USH2A,CLRN1,UTRN,VASP,VCAM1,VIL1,EZR,CA9,DNALI1,CALB1,FZD3,PDZD7,SRCIN1,FXR1,SLC7A5,FZD9,JAM3,ESPN,TBC1D10A,ADGRV1,ANTXR1,ELMOD3,PPP1R9B,SYTL1,CDC14A,UNC5C,AOC3,HYAL2,ACTN2,PROM1,DYNC2I2,IFT20,PKHD1L1,SLC9A3R1,HOMER2,SLC4A7,FXR2,CD44,DOCK4,RIPOR2,FCHSD2,CD302,CDC42,,,,,,,,,,,,,,,,,,,,,,,,,,,,,,,,,,,,,,,,,,,,,,,,,,,,,,,,,,,,,,,,,,,,,,,,,,,,,,,,,,,,,,,,,,,,,,,,,,,,,,,,,,,,,,,,,,,,,,,,,,,,,,,,,,,,,,,,,,,,,,,,,,,,,,,,,,,,,,,,,,,,,,,,,,,,,,,,,,,,,,,,,,,,,,,,,,,,,,,,,,,,,,,,,,,,,,,,,,,,,,,,,,,,,,,,,,,,,,,,,,,,,,,,,,,,,,,,,,,,,,,,,,,,,,,,,,,,,,,,,,,,,,,,,,,,,,,,,,,,,,,,,,,,,,,,,,,,,,,,,,,,,,,,,,,,,,,,,,,,,,,,,,,,,,,,,,,,,,,,,,,,,,,,,,,,,,,,,,,,,,,,,,,,,,,,,,,,,,,,,,,,,,,,,,,,,,,,,,,,,,,,,,,,,,,,,,,,,,,,,,,,,,,,,,,,,,,,,,,,,,,,,,,,,,,,,,,,,,,,,,,,,,,,,,,,,,,,,,,,,,,,,,,,,,,,,,,,,,,,,,,,,,,,,,,,,,,,,,,,,,,,,,,,,,,,,,,,,,,,,,,,,,
GOCC_MYOSIN_II_COMPLEX,MYL12B,MYL9,MYL12A,MYL6B,MYLPF,MYH1,MYH2,MYH3,MYH4,MYH6,MYH7,MYH8,MYH9,MYH10,MYH11,MYL1,MYL3,MYL4,MYL5,MYL6,MYH14,MYH13,,,,,,,,,,,,,,,,,,,,,,,,,,,,,,,,,,,,,,,,,,,,,,,,,,,,,,,,,,,,,,,,,,,,,,,,,,,,,,,,,,,,,,,,,,,,,,,,,,,,,,,,,,,,,,,,,,,,,,,,,,,,,,,,,,,,,,,,,,,,,,,,,,,,,,,,,,,,,,,,,,,,,,,,,,,,,,,,,,,,,,,,,,,,,,,,,,,,,,,,,,,,,,,,,,,,,,,,,,,,,,,,,,,,,,,,,,,,,,,,,,,,,,,,,,,,,,,,,,,,,,,,,,,,,,,,,,,,,,,,,,,,,,,,,,,,,,,,,,,,,,,,,,,,,,,,,,,,,,,,,,,,,,,,,,,,,,,,,,,,,,,,,,,,,,,,,,,,,,,,,,,,,,,,,,,,,,,,,,,,,,,,,,,,,,,,,,,,,,,,,,,,,,,,,,,,,,,,,,,,,,,,,,,,,,,,,,,,,,,,,,,,,,,,,,,,,,,,,,,,,,,,,,,,,,,,,,,,,,,,,,,,,,,,,,,,,,,,,,,,,,,,,,,,,,,,,,,,,,,,,,,,,,,,,,,,,,,,,,,,,,,,,,,,,,,,,,,,,,,,,,,,,,,,,,,,,,,,,,,,,,,,,,,,,,,,,,,,,,,,,,,,,,,,,,,,,,,,,,,,,,,,,,,,,,,,,,,,,,,,,,,,,,,,,,,,,,,,,,,,,,,,,,,,,,,,,,,,,,,,,,,,,,,,,,,,,,,,,,,,,,,,,,,,,,,,,,,,,,,,,,,,,,,,,,,,,,,,,,,,,,,,,,,,,,,,,,,,,,,,,
GOCC_PROTEIN_COMPLEX_INVOLVED_IN_CELL_ADHESION,TSPAN32,EMILIN1,CTLA4,ITGA11,MMRN1,ITGA6,ITGA1,ITGA2,ITGA2B,ITGA3,ITGA4,ITGA5,ITGA7,ITGA9,ITGAD,ITGAE,ITGAL,ITGAM,ITGAV,ITGAX,ITGB1,ITGB2,ITGB3,ITGB4,ITGB5,ITGB6,ITGB7,ITGB8,LGALS1,LGALS2,LYN,PLAU,PLAUR,PLP1,JAM2,TNN,VTN,JAM3,ITGA10,ITGA8,ITGBL1,CD28,CD80,,,,,,,,,,,,,,,,,,,,,,,,,,,,,,,,,,,,,,,,,,,,,,,,,,,,,,,,,,,,,,,,,,,,,,,,,,,,,,,,,,,,,,,,,,,,,,,,,,,,,,,,,,,,,,,,,,,,,,,,,,,,,,,,,,,,,,,,,,,,,,,,,,,,,,,,,,,,,,,,,,,,,,,,,,,,,,,,,,,,,,,,,,,,,,,,,,,,,,,,,,,,,,,,,,,,,,,,,,,,,,,,,,,,,,,,,,,,,,,,,,,,,,,,,,,,,,,,,,,,,,,,,,,,,,,,,,,,,,,,,,,,,,,,,,,,,,,,,,,,,,,,,,,,,,,,,,,,,,,,,,,,,,,,,,,,,,,,,,,,,,,,,,,,,,,,,,,,,,,,,,,,,,,,,,,,,,,,,,,,,,,,,,,,,,,,,,,,,,,,,,,,,,,,,,,,,,,,,,,,,,,,,,,,,,,,,,,,,,,,,,,,,,,,,,,,,,,,,,,,,,,,,,,,,,,,,,,,,,,,,,,,,,,,,,,,,,,,,,,,,,,,,,,,,,,,,,,,,,,,,,,,,,,,,,,,,,,,,,,,,,,,,,,,,,,,,,,,,,,,,,,,,,,,,,,,,,,,,,,,,,,,,,,,,,,,,,,,,,,,,,,,,,,,,,,,,,,,,,,,,,,,,,,,,,,,,,,,,,,,,,,,,,,,,,,,,,,,,,,,,,,,,,,,,,,,,,,,,,,,,,,,,,,,,,,,,,,,,,,,,,,,,,,,,,,,,,,,,,,,,,,,,,,,,,,,,,,,,,,,
GOCC_INTEGRIN_COMPLEX,TSPAN32,EMILIN1,ITGA11,ITGA6,ITGA1,ITGA2,ITGA2B,ITGA3,ITGA4,ITGA5,ITGA7,ITGA9,ITGAD,ITGAE,ITGAL,ITGAM,ITGAV,ITGAX,ITGB1,ITGB2,ITGB3,ITGB4,ITGB5,ITGB6,ITGB7,ITGB8,LYN,PLP1,ITGA10,ITGA8,ITGBL1,,,,,,,,,,,,,,,,,,,,,,,,,,,,,,,,,,,,,,,,,,,,,,,,,,,,,,,,,,,,,,,,,,,,,,,,,,,,,,,,,,,,,,,,,,,,,,,,,,,,,,,,,,,,,,,,,,,,,,,,,,,,,,,,,,,,,,,,,,,,,,,,,,,,,,,,,,,,,,,,,,,,,,,,,,,,,,,,,,,,,,,,,,,,,,,,,,,,,,,,,,,,,,,,,,,,,,,,,,,,,,,,,,,,,,,,,,,,,,,,,,,,,,,,,,,,,,,,,,,,,,,,,,,,,,,,,,,,,,,,,,,,,,,,,,,,,,,,,,,,,,,,,,,,,,,,,,,,,,,,,,,,,,,,,,,,,,,,,,,,,,,,,,,,,,,,,,,,,,,,,,,,,,,,,,,,,,,,,,,,,,,,,,,,,,,,,,,,,,,,,,,,,,,,,,,,,,,,,,,,,,,,,,,,,,,,,,,,,,,,,,,,,,,,,,,,,,,,,,,,,,,,,,,,,,,,,,,,,,,,,,,,,,,,,,,,,,,,,,,,,,,,,,,,,,,,,,,,,,,,,,,,,,,,,,,,,,,,,,,,,,,,,,,,,,,,,,,,,,,,,,,,,,,,,,,,,,,,,,,,,,,,,,,,,,,,,,,,,,,,,,,,,,,,,,,,,,,,,,,,,,,,,,,,,,,,,,,,,,,,,,,,,,,,,,,,,,,,,,,,,,,,,,,,,,,,,,,,,,,,,,,,,,,,,,,,,,,,,,,,,,,,,,,,,,,,,,,,,,,,,,,,,,,,,,,,,,,,,,,,,,,,,,,,,,,,
GOCC_COHESIN_COMPLEX,STAG1,STAG3,STAG2,SGO2,SMC1B,STAG3L3,STAG3L2,STAG3L1,RAD21,RAD21L1,STAG3L4,SMC1A,SMC3,REC8,,,,,,,,,,,,,,,,,,,,,,,,,,,,,,,,,,,,,,,,,,,,,,,,,,,,,,,,,,,,,,,,,,,,,,,,,,,,,,,,,,,,,,,,,,,,,,,,,,,,,,,,,,,,,,,,,,,,,,,,,,,,,,,,,,,,,,,,,,,,,,,,,,,,,,,,,,,,,,,,,,,,,,,,,,,,,,,,,,,,,,,,,,,,,,,,,,,,,,,,,,,,,,,,,,,,,,,,,,,,,,,,,,,,,,,,,,,,,,,,,,,,,,,,,,,,,,,,,,,,,,,,,,,,,,,,,,,,,,,,,,,,,,,,,,,,,,,,,,,,,,,,,,,,,,,,,,,,,,,,,,,,,,,,,,,,,,,,,,,,,,,,,,,,,,,,,,,,,,,,,,,,,,,,,,,,,,,,,,,,,,,,,,,,,,,,,,,,,,,,,,,,,,,,,,,,,,,,,,,,,,,,,,,,,,,,,,,,,,,,,,,,,,,,,,,,,,,,,,,,,,,,,,,,,,,,,,,,,,,,,,,,,,,,,,,,,,,,,,,,,,,,,,,,,,,,,,,,,,,,,,,,,,,,,,,,,,,,,,,,,,,,,,,,,,,,,,,,,,,,,,,,,,,,,,,,,,,,,,,,,,,,,,,,,,,,,,,,,,,,,,,,,,,,,,,,,,,,,,,,,,,,,,,,,,,,,,,,,,,,,,,,,,,,,,,,,,,,,,,,,,,,,,,,,,,,,,,,,,,,,,,,,,,,,,,,,,,,,,,,,,,,,,,,,,,,,,,,,,,,,,,,,,,,,,,,,,,,,,,,,,,,,,,,,,,,,,,,,,,,,,,,,,,,,
GOCC_ENDOPLASMIC_RETICULUM_TUBULAR_NETWORK_MEMBRANE,ATL3,ATL1,RTN4,ATL2,LNPK,,,,,,,,,,,,,,,,,,,,,,,,,,,,,,,,,,,,,,,,,,,,,,,,,,,,,,,,,,,,,,,,,,,,,,,,,,,,,,,,,,,,,,,,,,,,,,,,,,,,,,,,,,,,,,,,,,,,,,,,,,,,,,,,,,,,,,,,,,,,,,,,,,,,,,,,,,,,,,,,,,,,,,,,,,,,,,,,,,,,,,,,,,,,,,,,,,,,,,,,,,,,,,,,,,,,,,,,,,,,,,,,,,,,,,,,,,,,,,,,,,,,,,,,,,,,,,,,,,,,,,,,,,,,,,,,,,,,,,,,,,,,,,,,,,,,,,,,,,,,,,,,,,,,,,,,,,,,,,,,,,,,,,,,,,,,,,,,,,,,,,,,,,,,,,,,,,,,,,,,,,,,,,,,,,,,,,,,,,,,,,,,,,,,,,,,,,,,,,,,,,,,,,,,,,,,,,,,,,,,,,,,,,,,,,,,,,,,,,,,,,,,,,,,,,,,,,,,,,,,,,,,,,,,,,,,,,,,,,,,,,,,,,,,,,,,,,,,,,,,,,,,,,,,,,,,,,,,,,,,,,,,,,,,,,,,,,,,,,,,,,,,,,,,,,,,,,,,,,,,,,,,,,,,,,,,,,,,,,,,,,,,,,,,,,,,,,,,,,,,,,,,,,,,,,,,,,,,,,,,,,,,,,,,,,,,,,,,,,,,,,,,,,,,,,,,,,,,,,,,,,,,,,,,,,,,,,,,,,,,,,,,,,,,,,,,,,,,,,,,,,,,,,,,,,,,,,,,,,,,,,,,,,,,,,,,,,,,,,,,,,,,,,,,,,,,,,,,,,,,,,,,,,,,,,,,,,,,,,
GOCC_ENDOPLASMIC_RETICULUM_LUMEN,CDH2,TSPAN5,ENAM,PDIA6,EBI3,ADAM10,MSLN,FSTL3,TRDN,SPON1,CRTAP,HYOU1,TGOLN2,CES1,CNPY3,CTSC,PDIA5,OS9,ERP29,CKAP4,SLC27A2,ADAMTS13,ADAMTS5,PRSS23,CHGB,FSTL1,ADAMTS7,MGAT4A,APOA5,CLU,ERP27,CALR3,COL1A1,COL1A2,COL2A1,COL3A1,COL4A1,COL4A2,COL4A3,COL4A4,COL4A5,COL4A6,COL5A1,COL5A2,COL6A1,COL6A2,COL6A3,COL7A1,COL8A1,COL8A2,COL9A1,COL9A2,COL9A3,COL10A1,COL11A1,COL11A2,COL12A1,COL13A1,COL15A1,COL16A1,COL17A1,COL19A1,CP,COL26A1,SELENOM,CSF1,POGLUT3,VCAN,CST3,NOTUM,CTSZ,ARSK,DAG1,DBI,COL22A1,AFP,DMP1,TOR1A,EDN1,AHSG,ESD,ALB,F2,F5,F7,F8,F9,F10,FBN1,FGA,FGG,ARSG,ERP44,COLGALT2,GANAB,FLT3,FMO1,FN1,CES3,TSPAN15,BACE1,SDF2L1,IL27,FUCA2,COL24A1,PCSK9,AMBN,SUMF2,GAS6,GCG,AMELX,GIP,GPC3,ERLEC1,TOR1B,TOR2A,P4HA3,EOGT,SUMF1,GPX7,SCG3,PDIA3,ERO1A,SERPIND1,HRC,HSPA5,APLP2,APOA1,APOA2,APOA4,TNC,APOB,JMJD8,ARSI,COL28A1,TSPAN33,ARSH,APOE,IGFBP1,IGFBP3,IGFBP4,IGFBP5,IGFBP7,CCN1,APP,IL6,IL12A,IL12B,INS,ITIH2,MIA3,KNG1,KTN1,LAMB1,LAMB2,LAMC1,LGALS1,LIPC,AMTN,LRPAP1,LTBP1,ARSA,ARSB,STS,ARSD,MATN3,ARSL,ARSF,DNAJB9,MEN1,MFGE8,MELTF,MTTP,SERPINC1,NUCB1,GPX8,P4HA1,P4HB,COL5A3,TXNDC12,CERCAM,SERPINA10,MZB1,SHISA5,GOLM1,PDGFA,PDGFB,IL23A,FKBP7,DNAJB11,GHRL,ERAP1,PENK,CFP,SERPINA1,PLAUR,WNT4,DNAJC10,ADAMTSL4,MXRA8,PPIB,TOR4A,CYP2W1,TMEM132A,CLN6,FKBP14,P3H2,EDEM2,UGGT2,PRKCSH,MAPK1,MAPK3,MYDGF,PDGFC,DNAJC3,PROC,B2M,UGGT1,MEPE,FAM20C,POGLUT1,PNPLA2,RCN3,PTGS2,TXNDC16,COL20A1,QSOX1,ANO8,BCHE,ACE2,RCN1,RCN2,RDH5,FKBP10,BGLAP,SRL,SDC2,ERAP2,P3H1,TOR3A,SIL1,SHH,PDIA2,VWA1,BMP4,SPP2,SPP1,ADAM17,TF,THBS1,TIMP1,SERPING1,C3,HSP90B1,C4A,COL14A1,VGF,WFS1,WNT1,WNT3,WNT5A,WNT6,WNT7A,WNT7B,SCG2,MANF,POGLUT2,ALG12,TMEM43,ARSJ,COLGALT1,FOXRED2,VCPIP1,EDEM3,PDGFD,BPIFB2,FGF23,COL18A1,WNT5B,CALR,CALU,TXNDC5,COL21A1,TSPAN14,CANX,SPARCL1,EVA1A,CASQ1,CASQ2,COL25A1,COL27A1,APOL1,STC2,RNASET2,SERPINH1,MBTPS1,CES2,PROZ,P4HA2,WNT3A,PLOD3,COL23A1,CHRDL1,CD4,BMP15,ADAMTSL1,SELENOF,MINPP1,H6PD,PDIA4,,,,,,,,,,,,,,,,,,,,,,,,,,,,,,,,,,,,,,,,,,,,,,,,,,,,,,,,,,,,,,,,,,,,,,,,,,,,,,,,,,,,,,,,,,,,,,,,,,,,,,,,,,,,,,,,,,,,,,,,,,,,,,,,,,,,,,,,,,,,,,,,,,,,,,,,,,,,,,,,,,,,,,,,,,,,,,,,,,,,,,,,,,,,,,,,,,,,,,,,,,,,,,,,,,,,,,,,,,,,,,,,,,,,,,,,,,,,,,,,,,,,,,,,,,,,,,,,,,,,,,,,,,,,,,,,,,,,,,,,,,,,,,,,,,,,,,,,,,,,,,,,,,,,,,,,,,,,,,,,,,,,,,,,,,,,,,,,,,,,,,,,,,,,,,,,,,,,,,,,,,,,,,,,,,,,,,,,,,,,,,,,,,,,,,,,,,,,,,,,,,,,,,,,,,,,,,,,,,,,,,,,,,,,,,,,,,,,,,,,,,,,,,,,,,,,,,,,,,,,,,,,,,,,,,,,,
GOCC_SMOOTH_ENDOPLASMIC_RETICULUM,HYOU1,FTCD,PGRMC1,ERP29,GABARAP,SVIP,HSD3B1,HSD3B2,HSPA5,APOB,APP,KCNJ2,MYO1D,PPIB,STX17,DNAJC3,PSEN1,TTYH1,GBA2,RPL10,RYR1,RYR2,RYR3,TH,SLMAP,CALR,CANX,CASQ1,SYVN1,JPH4,,,,,,,,,,,,,,,,,,,,,,,,,,,,,,,,,,,,,,,,,,,,,,,,,,,,,,,,,,,,,,,,,,,,,,,,,,,,,,,,,,,,,,,,,,,,,,,,,,,,,,,,,,,,,,,,,,,,,,,,,,,,,,,,,,,,,,,,,,,,,,,,,,,,,,,,,,,,,,,,,,,,,,,,,,,,,,,,,,,,,,,,,,,,,,,,,,,,,,,,,,,,,,,,,,,,,,,,,,,,,,,,,,,,,,,,,,,,,,,,,,,,,,,,,,,,,,,,,,,,,,,,,,,,,,,,,,,,,,,,,,,,,,,,,,,,,,,,,,,,,,,,,,,,,,,,,,,,,,,,,,,,,,,,,,,,,,,,,,,,,,,,,,,,,,,,,,,,,,,,,,,,,,,,,,,,,,,,,,,,,,,,,,,,,,,,,,,,,,,,,,,,,,,,,,,,,,,,,,,,,,,,,,,,,,,,,,,,,,,,,,,,,,,,,,,,,,,,,,,,,,,,,,,,,,,,,,,,,,,,,,,,,,,,,,,,,,,,,,,,,,,,,,,,,,,,,,,,,,,,,,,,,,,,,,,,,,,,,,,,,,,,,,,,,,,,,,,,,,,,,,,,,,,,,,,,,,,,,,,,,,,,,,,,,,,,,,,,,,,,,,,,,,,,,,,,,,,,,,,,,,,,,,,,,,,,,,,,,,,,,,,,,,,,,,,,,,,,,,,,,,,,,,,,,,,,,,,,,,,,,,,,,,,,,,,,,,,,,,,,,,,,,,,,,,,,,,,,,,,,,,,,,,,,,,,,,,,,,,,,,,,,,,,,,,,,,
GOCC_ROUGH_ENDOPLASMIC_RETICULUM,BAIAP2,SEC61B,CKAP4,SEC63,ADCYAP1R1,SPPL3,CYBB,SYNE3,EDN1,EPHA5,F12,TMCC1,ARL6IP1,SEC61G,SLC7A11,PCSK9,TMEM97,GLUL,RANGRF,SEC61A1,HCRT,HGFAC,HTR5A,NAT8L,APP,KCNJ2,LRPAP1,ARSB,MPZ,MT3,MTTP,MYOC,P2RX3,PCSK1,SUCO,RAB14,PI4KB,PKM,PLOD1,PLOD2,CDKAL1,STX17,SEC61A2,MACO1,PSEN1,CCDC47,PTGDS,SRPRB,RP9,RPL4,RPL6,RPL18,RPL27,RPN1,RPN2,RPS21,RPS23,RPS26,RPS28,RPS29,BGLAP,SFTPD,NCF1,SFTPA1,SRP9,SSR4,STAU1,SEC62,SFTPA2,UBA1,SCGB1A1,CA4,FKRP,LIN28A,ZC3H12A,HM13,CANX,TP63,PLOD3,LRAT,,,,,,,,,,,,,,,,,,,,,,,,,,,,,,,,,,,,,,,,,,,,,,,,,,,,,,,,,,,,,,,,,,,,,,,,,,,,,,,,,,,,,,,,,,,,,,,,,,,,,,,,,,,,,,,,,,,,,,,,,,,,,,,,,,,,,,,,,,,,,,,,,,,,,,,,,,,,,,,,,,,,,,,,,,,,,,,,,,,,,,,,,,,,,,,,,,,,,,,,,,,,,,,,,,,,,,,,,,,,,,,,,,,,,,,,,,,,,,,,,,,,,,,,,,,,,,,,,,,,,,,,,,,,,,,,,,,,,,,,,,,,,,,,,,,,,,,,,,,,,,,,,,,,,,,,,,,,,,,,,,,,,,,,,,,,,,,,,,,,,,,,,,,,,,,,,,,,,,,,,,,,,,,,,,,,,,,,,,,,,,,,,,,,,,,,,,,,,,,,,,,,,,,,,,,,,,,,,,,,,,,,,,,,,,,,,,,,,,,,,,,,,,,,,,,,,,,,,,,,,,,,,,,,,,,,,,,,,,,,,,,,,,,,,,,,,,,,,,,,,,,,,,,,,,,,,,,,,,,,,,,,,,,,,,,,,,,,,,,,,,,,,,,,,,,,,,,,,,,,,,,,,,,,,,,,,,,,,,,,,,,,,,,,,,,,,,,,,,,,,,,,,,,,,,,,,,,,,,,,,,,,,,,,,,,,,,,,,,,,,,,,,,,,,,,,,,,,,,,,,,,,,,,,,,,,,,,,,,,,,,,,,,,,,,,,,,,,,,,,,,,
GOCC_ENDOPLASMIC_RETICULUM_CHAPERONE_COMPLEX,PDIA6,HYOU1,SDF2L1,HSPA5,P4HB,MZB1,DNAJB11,DNAJC10,UGT1A1,PPIB,HSP90B1,,,,,,,,,,,,,,,,,,,,,,,,,,,,,,,,,,,,,,,,,,,,,,,,,,,,,,,,,,,,,,,,,,,,,,,,,,,,,,,,,,,,,,,,,,,,,,,,,,,,,,,,,,,,,,,,,,,,,,,,,,,,,,,,,,,,,,,,,,,,,,,,,,,,,,,,,,,,,,,,,,,,,,,,,,,,,,,,,,,,,,,,,,,,,,,,,,,,,,,,,,,,,,,,,,,,,,,,,,,,,,,,,,,,,,,,,,,,,,,,,,,,,,,,,,,,,,,,,,,,,,,,,,,,,,,,,,,,,,,,,,,,,,,,,,,,,,,,,,,,,,,,,,,,,,,,,,,,,,,,,,,,,,,,,,,,,,,,,,,,,,,,,,,,,,,,,,,,,,,,,,,,,,,,,,,,,,,,,,,,,,,,,,,,,,,,,,,,,,,,,,,,,,,,,,,,,,,,,,,,,,,,,,,,,,,,,,,,,,,,,,,,,,,,,,,,,,,,,,,,,,,,,,,,,,,,,,,,,,,,,,,,,,,,,,,,,,,,,,,,,,,,,,,,,,,,,,,,,,,,,,,,,,,,,,,,,,,,,,,,,,,,,,,,,,,,,,,,,,,,,,,,,,,,,,,,,,,,,,,,,,,,,,,,,,,,,,,,,,,,,,,,,,,,,,,,,,,,,,,,,,,,,,,,,,,,,,,,,,,,,,,,,,,,,,,,,,,,,,,,,,,,,,,,,,,,,,,,,,,,,,,,,,,,,,,,,,,,,,,,,,,,,,,,,,,,,,,,,,,,,,,,,,,,,,,,,,,,,,,,,,,,,,,,,,,,,,,,,,,,,,,,,,,,,,,,
GOCC_ENDOPLASMIC_RETICULUM_QUALITY_CONTROL_COMPARTMENT,TRIM13,MARCHF6,ERN2,SEC61B,RNF139,MAN1B1,FBXO6,AMFR,ERLEC1,ASGR2,EDEM2,UGGT2,UGGT1,RNF5,RNF103,DERL1,EDEM3,CALR,CANX,RHBDD1,SYVN1,RNF185,EDEM1,HERPUD1,,,,,,,,,,,,,,,,,,,,,,,,,,,,,,,,,,,,,,,,,,,,,,,,,,,,,,,,,,,,,,,,,,,,,,,,,,,,,,,,,,,,,,,,,,,,,,,,,,,,,,,,,,,,,,,,,,,,,,,,,,,,,,,,,,,,,,,,,,,,,,,,,,,,,,,,,,,,,,,,,,,,,,,,,,,,,,,,,,,,,,,,,,,,,,,,,,,,,,,,,,,,,,,,,,,,,,,,,,,,,,,,,,,,,,,,,,,,,,,,,,,,,,,,,,,,,,,,,,,,,,,,,,,,,,,,,,,,,,,,,,,,,,,,,,,,,,,,,,,,,,,,,,,,,,,,,,,,,,,,,,,,,,,,,,,,,,,,,,,,,,,,,,,,,,,,,,,,,,,,,,,,,,,,,,,,,,,,,,,,,,,,,,,,,,,,,,,,,,,,,,,,,,,,,,,,,,,,,,,,,,,,,,,,,,,,,,,,,,,,,,,,,,,,,,,,,,,,,,,,,,,,,,,,,,,,,,,,,,,,,,,,,,,,,,,,,,,,,,,,,,,,,,,,,,,,,,,,,,,,,,,,,,,,,,,,,,,,,,,,,,,,,,,,,,,,,,,,,,,,,,,,,,,,,,,,,,,,,,,,,,,,,,,,,,,,,,,,,,,,,,,,,,,,,,,,,,,,,,,,,,,,,,,,,,,,,,,,,,,,,,,,,,,,,,,,,,,,,,,,,,,,,,,,,,,,,,,,,,,,,,,,,,,,,,,,,,,,,,,,,,,,,,,,,,,,,,,,,,,,,,,,,,,,,,,,,,,,,,,,,,,,,,,,,,,,,,,,,,,
GOCC_ENDOPLASMIC_RETICULUM_TUBULAR_NETWORK,RNF41,RAB10,ZFYVE27,EMD,REEP3,RAB3GAP1,RAB18,ATL3,STIMATE,KPNB1,ASPH,ATL1,REEP2,PARP16,RTN4,ATL2,ARV1,REEP1,STIM1,REEP5,REEP4,LNPK,C2CD2L,,,,,,,,,,,,,,,,,,,,,,,,,,,,,,,,,,,,,,,,,,,,,,,,,,,,,,,,,,,,,,,,,,,,,,,,,,,,,,,,,,,,,,,,,,,,,,,,,,,,,,,,,,,,,,,,,,,,,,,,,,,,,,,,,,,,,,,,,,,,,,,,,,,,,,,,,,,,,,,,,,,,,,,,,,,,,,,,,,,,,,,,,,,,,,,,,,,,,,,,,,,,,,,,,,,,,,,,,,,,,,,,,,,,,,,,,,,,,,,,,,,,,,,,,,,,,,,,,,,,,,,,,,,,,,,,,,,,,,,,,,,,,,,,,,,,,,,,,,,,,,,,,,,,,,,,,,,,,,,,,,,,,,,,,,,,,,,,,,,,,,,,,,,,,,,,,,,,,,,,,,,,,,,,,,,,,,,,,,,,,,,,,,,,,,,,,,,,,,,,,,,,,,,,,,,,,,,,,,,,,,,,,,,,,,,,,,,,,,,,,,,,,,,,,,,,,,,,,,,,,,,,,,,,,,,,,,,,,,,,,,,,,,,,,,,,,,,,,,,,,,,,,,,,,,,,,,,,,,,,,,,,,,,,,,,,,,,,,,,,,,,,,,,,,,,,,,,,,,,,,,,,,,,,,,,,,,,,,,,,,,,,,,,,,,,,,,,,,,,,,,,,,,,,,,,,,,,,,,,,,,,,,,,,,,,,,,,,,,,,,,,,,,,,,,,,,,,,,,,,,,,,,,,,,,,,,,,,,,,,,,,,,,,,,,,,,,,,,,,,,,,,,,,,,,,,,,,,,,,,,,,,,,,,,,,,,,,,,,,,,,,,,,,,,,,,,,,,,,,,
GOCC_ER_TO_GOLGI_TRANSPORT_VESICLE_MEMBRANE,PDCD6,CNIH1,SEC24B,SEC23B,SEC23A,VTI1B,SEC24A,TMED2,TMED10,CRYZL2P-SEC16B,SEC23IP,VTI1A,CNIH3,VMA21,SEC31A,SCAP,FOLR1,CNIH2,SEC31B,GRIA1,HLA-A,HLA-B,HLA-C,HLA-DPA1,HLA-DPB1,HLA-DQA1,HLA-DQA2,HLA-DQB1,HLA-DQB2,HLA-DRA,HLA-DRB1,HLA-DRB3,HLA-DRB4,HLA-DRB5,HLA-E,HLA-F,HLA-G,HLA-H,AREG,LMAN1,TMED7,SAR1B,STX17,PEF1,SAR1A,B2M,KLHL12,SEC13,SREBF1,SREBF2,STX5,TGFA,USO1,SEC16B,MCFD2,SEC22B,GOSR2,SEC24C,CD59,CD74,SEC24D,SEC16A,,,,,,,,,,,,,,,,,,,,,,,,,,,,,,,,,,,,,,,,,,,,,,,,,,,,,,,,,,,,,,,,,,,,,,,,,,,,,,,,,,,,,,,,,,,,,,,,,,,,,,,,,,,,,,,,,,,,,,,,,,,,,,,,,,,,,,,,,,,,,,,,,,,,,,,,,,,,,,,,,,,,,,,,,,,,,,,,,,,,,,,,,,,,,,,,,,,,,,,,,,,,,,,,,,,,,,,,,,,,,,,,,,,,,,,,,,,,,,,,,,,,,,,,,,,,,,,,,,,,,,,,,,,,,,,,,,,,,,,,,,,,,,,,,,,,,,,,,,,,,,,,,,,,,,,,,,,,,,,,,,,,,,,,,,,,,,,,,,,,,,,,,,,,,,,,,,,,,,,,,,,,,,,,,,,,,,,,,,,,,,,,,,,,,,,,,,,,,,,,,,,,,,,,,,,,,,,,,,,,,,,,,,,,,,,,,,,,,,,,,,,,,,,,,,,,,,,,,,,,,,,,,,,,,,,,,,,,,,,,,,,,,,,,,,,,,,,,,,,,,,,,,,,,,,,,,,,,,,,,,,,,,,,,,,,,,,,,,,,,,,,,,,,,,,,,,,,,,,,,,,,,,,,,,,,,,,,,,,,,,,,,,,,,,,,,,,,,,,,,,,,,,,,,,,,,,,,,,,,,,,,,,,,,,,,,,,,,,,,,,,,,,,,,,,,,,,,,,,,,,,,,,,,,,,,,,,,,,,,,,,,,,,,,,,,,,,,,,,,,,,,,,,,,,,,,,,,,,,,,,
GOCC_ENDOPLASMIC_RETICULUM_GOLGI_INTERMEDIATE_COMPARTMENT,PDIA6,BCAP31,CNIH1,BET1,TRAPPC2B,YKT6,CTSC,FTCD,YIF1A,KDELR1,TMED2,LMAN2,TMED10,TMED1,RER1,SEC23IP,CHP1,MGAT4B,MGAT4A,AZIN2,SPPL3,WHAMM,TRAPPC5,TBC1D20,COL7A1,COPB1,CSNK1D,TMED6,TMEM199,CNIH3,CTSZ,MGAT4D,CD55,VMA21,CLN8,F5,F8,TMED4,COPG1,ERP44,DDHD2,FN1,ECPAS,TMED3,FOLR1,LAMP5,CNIH2,GALNT1,COPG2,GJB2,GOLGA2,GOLGB1,RGMB,GRIA1,ANPEP,CNIH4,HMGB1,RAB37,HSPA5,WHAMMP3,STING1,TICAM2,INS,INPP5B,AREG,MYO18A,LMAN1,LRPAP1,MAN1A1,MGAT1,NUCB1,NUCB2,P4HB,TMED5,SLC35C2,TMED7,TRAPPC12,COPZ2,ERGIC2,NAT8B,RAB6B,ERGIC3,SERPINA1,TM6SF2,ATP6AP1,TMED9,STX17,UGGT2,MYDGF,UGGT1,ERGIC1,SCYL1,PTPN2,RAB2A,ROBO1,TRAPPC2,PALS1,GORASP1,GNPNAT1,MPPE1,STX5,SURF4,TAP1,TAP2,TAPBP,TGFA,CA4,PRRG4,ASPSCR1,LMAN1L,CALR,DCSTAMP,LMAN2L,VMP1,RAB1B,CCDC115,PLPP3,SERPINH1,GBF1,PROM1,NAT8,MCFD2,YIF1B,MTMR6,STK17B,TRIP11,SEC22B,GOSR2,CD59,PIEZO1,IST1,,,,,,,,,,,,,,,,,,,,,,,,,,,,,,,,,,,,,,,,,,,,,,,,,,,,,,,,,,,,,,,,,,,,,,,,,,,,,,,,,,,,,,,,,,,,,,,,,,,,,,,,,,,,,,,,,,,,,,,,,,,,,,,,,,,,,,,,,,,,,,,,,,,,,,,,,,,,,,,,,,,,,,,,,,,,,,,,,,,,,,,,,,,,,,,,,,,,,,,,,,,,,,,,,,,,,,,,,,,,,,,,,,,,,,,,,,,,,,,,,,,,,,,,,,,,,,,,,,,,,,,,,,,,,,,,,,,,,,,,,,,,,,,,,,,,,,,,,,,,,,,,,,,,,,,,,,,,,,,,,,,,,,,,,,,,,,,,,,,,,,,,,,,,,,,,,,,,,,,,,,,,,,,,,,,,,,,,,,,,,,,,,,,,,,,,,,,,,,,,,,,,,,,,,,,,,,,,,,,,,,,,,,,,,,,,,,,,,,,,,,,,,,,,,,,,,,,,,,,,,,,,,,,,,,,,,,,,,,,,,,,,,,,,,,,,,,,,,,,,,,,,,,,,,,,,,,,,,,,,,,,,,,,,,,,,,,,,,,,,,,,,,,,,,,,,,,,,,,,,,,,,,,,,,,,,,,,,,,,,,,,,,,,,,,,,,,,,,,,,,,,,,,,,,,,,,,,,,,,,,,,,,,,,,,,,,,,,,,,,,,,,,,,,,,,,
GOCC_AUTOPHAGOSOME,WASHC1,OPTN,ATP6AP2,CALCOCO2,TM9SF1,GABARAP,GABARAPL2,OSBPL7,CLN3,LRRK2,WDR81,CHMP4B,JMY,ADPRH,VTI1A,TICAM1,TMEM74,RAB12,C9orf72,MAPK15,ATG14,WDFY3,TBC1D12,ATP13A2,DAPK2,GABARAPL1,GABARAPL3,FTH1,FTL,TECPR1,CHMP2B,ULK3,WIPI2,CHMP2A,TMEM150B,RUFY4,ATG9B,TMEM230,CHMP4A,UBQLN2,UBQLN1,NRBF2,HTT,PIK3R4,HSPA8,STING1,IRGM,WASH3P,LAMP1,LAMP2,NBR1,MEFV,MAP1LC3C,TBC1D25,SH3GLB1,CHMP1A,TEX264,CHMP5,CHMP3,RAB23,PEG3,PIK3C3,PIP4K2A,ZFYVE1,RAB24,AUP1,STX17,ATG16L1,WIPI1,MCOLN3,AMBRA1,VPS11,PRKD1,UBQLN4,CHMP1B,TBC1D14,VPS18,GRAMD1A,TP53INP2,RPN2,MAP1LC3B2,VPS16,VPS33A,TRIM21,UVRAG,RAB7A,ATG9A,FYCO1,CHMP6,TBC1D17,PIP4K2C,RUBCNL,NCOA4,MAP1LC3B,VMP1,PIP4K2B,SRPX,ULK1,MAP1LC3A,BECN1,SQSTM1,ATG16L2,HAP1,ATG12,CHMP7,CHMP4C,SNAP29,TP53INP1,ATG5,ENTPD4,TBC1D5,RB1CC1,PLEKHM1,,,,,,,,,,,,,,,,,,,,,,,,,,,,,,,,,,,,,,,,,,,,,,,,,,,,,,,,,,,,,,,,,,,,,,,,,,,,,,,,,,,,,,,,,,,,,,,,,,,,,,,,,,,,,,,,,,,,,,,,,,,,,,,,,,,,,,,,,,,,,,,,,,,,,,,,,,,,,,,,,,,,,,,,,,,,,,,,,,,,,,,,,,,,,,,,,,,,,,,,,,,,,,,,,,,,,,,,,,,,,,,,,,,,,,,,,,,,,,,,,,,,,,,,,,,,,,,,,,,,,,,,,,,,,,,,,,,,,,,,,,,,,,,,,,,,,,,,,,,,,,,,,,,,,,,,,,,,,,,,,,,,,,,,,,,,,,,,,,,,,,,,,,,,,,,,,,,,,,,,,,,,,,,,,,,,,,,,,,,,,,,,,,,,,,,,,,,,,,,,,,,,,,,,,,,,,,,,,,,,,,,,,,,,,,,,,,,,,,,,,,,,,,,,,,,,,,,,,,,,,,,,,,,,,,,,,,,,,,,,,,,,,,,,,,,,,,,,,,,,,,,,,,,,,,,,,,,,,,,,,,,,,,,,,,,,,,,,,,,,,,,,,,,,,,,,,,,,,,,,,,,,,,,,,,,,,,,,,,,,,,,,,,,,,,,,,,,,,,,,,,,,,,,,,,,,,,,,,,,,,,,,,,,,,,,,,,,,,,,,,,,,,,,,,,,,,,,,,,,,,,,,,,,,,,
GOCC_PROTEASOME_COMPLEX,PSME3,PSMD14,ADRM1,PSMB11,PSMA8,UBR1,PSME4,ECPAS,UBQLN1,HSPB1,UCHL5,PSMA1,PSMA2,PSMA3,PSMA4,PSMA5,PSMA6,PSMA7,PSMB1,PSMB2,PSMB3,PSMB4,PSMB5,PSMB6,PSMB7,PSMB8,PSMB9,PSMB10,PSMC1,PSMC2,PSMC3,PSMC4,PSMC5,PSMC6,PSMD1,PSMD2,PSMD3,PSMD4,PSMD5,PSMD7,PSMD8,PSMD9,PSMD10,PSMD11,PSMD12,PSMD13,PSME1,PSME2,RAD23A,RAD23B,UBE3A,VCP,PAAF1,ZFAND2A,USP14,TXNL1,PSMF1,UBE3C,PSMD6,,,,,,,,,,,,,,,,,,,,,,,,,,,,,,,,,,,,,,,,,,,,,,,,,,,,,,,,,,,,,,,,,,,,,,,,,,,,,,,,,,,,,,,,,,,,,,,,,,,,,,,,,,,,,,,,,,,,,,,,,,,,,,,,,,,,,,,,,,,,,,,,,,,,,,,,,,,,,,,,,,,,,,,,,,,,,,,,,,,,,,,,,,,,,,,,,,,,,,,,,,,,,,,,,,,,,,,,,,,,,,,,,,,,,,,,,,,,,,,,,,,,,,,,,,,,,,,,,,,,,,,,,,,,,,,,,,,,,,,,,,,,,,,,,,,,,,,,,,,,,,,,,,,,,,,,,,,,,,,,,,,,,,,,,,,,,,,,,,,,,,,,,,,,,,,,,,,,,,,,,,,,,,,,,,,,,,,,,,,,,,,,,,,,,,,,,,,,,,,,,,,,,,,,,,,,,,,,,,,,,,,,,,,,,,,,,,,,,,,,,,,,,,,,,,,,,,,,,,,,,,,,,,,,,,,,,,,,,,,,,,,,,,,,,,,,,,,,,,,,,,,,,,,,,,,,,,,,,,,,,,,,,,,,,,,,,,,,,,,,,,,,,,,,,,,,,,,,,,,,,,,,,,,,,,,,,,,,,,,,,,,,,,,,,,,,,,,,,,,,,,,,,,,,,,,,,,,,,,,,,,,,,,,,,,,,,,,,,,,,,,,,,,,,,,,,,,,,,,,,,,,,,,,,,,,,,,,,,,,,,,,,,,,,,,,,,,,,,,,,,,,,,,,,,,,,,,,,,,,,,,,,
GOCC_MHC_CLASS_I_PROTEIN_COMPLEX,HFE,HLA-A,HLA-B,HLA-C,HLA-E,HLA-F,HLA-G,HLA-H,MR1,B2M,,,,,,,,,,,,,,,,,,,,,,,,,,,,,,,,,,,,,,,,,,,,,,,,,,,,,,,,,,,,,,,,,,,,,,,,,,,,,,,,,,,,,,,,,,,,,,,,,,,,,,,,,,,,,,,,,,,,,,,,,,,,,,,,,,,,,,,,,,,,,,,,,,,,,,,,,,,,,,,,,,,,,,,,,,,,,,,,,,,,,,,,,,,,,,,,,,,,,,,,,,,,,,,,,,,,,,,,,,,,,,,,,,,,,,,,,,,,,,,,,,,,,,,,,,,,,,,,,,,,,,,,,,,,,,,,,,,,,,,,,,,,,,,,,,,,,,,,,,,,,,,,,,,,,,,,,,,,,,,,,,,,,,,,,,,,,,,,,,,,,,,,,,,,,,,,,,,,,,,,,,,,,,,,,,,,,,,,,,,,,,,,,,,,,,,,,,,,,,,,,,,,,,,,,,,,,,,,,,,,,,,,,,,,,,,,,,,,,,,,,,,,,,,,,,,,,,,,,,,,,,,,,,,,,,,,,,,,,,,,,,,,,,,,,,,,,,,,,,,,,,,,,,,,,,,,,,,,,,,,,,,,,,,,,,,,,,,,,,,,,,,,,,,,,,,,,,,,,,,,,,,,,,,,,,,,,,,,,,,,,,,,,,,,,,,,,,,,,,,,,,,,,,,,,,,,,,,,,,,,,,,,,,,,,,,,,,,,,,,,,,,,,,,,,,,,,,,,,,,,,,,,,,,,,,,,,,,,,,,,,,,,,,,,,,,,,,,,,,,,,,,,,,,,,,,,,,,,,,,,,,,,,,,,,,,,,,,,,,,,,,,,,,,,,,,,,,,,,,,,,,,,,,,,,,,,,
GOCC_MHC_CLASS_II_PROTEIN_COMPLEX,HLA-DMA,HLA-DMB,HLA-DOA,HLA-DOB,HLA-DPA1,HLA-DPB1,HLA-DQA1,HLA-DQA2,HLA-DQB1,HLA-DQB2,HLA-DRA,HLA-DRB1,HLA-DRB3,HLA-DRB4,HLA-DRB5,B2M,CD74,,,,,,,,,,,,,,,,,,,,,,,,,,,,,,,,,,,,,,,,,,,,,,,,,,,,,,,,,,,,,,,,,,,,,,,,,,,,,,,,,,,,,,,,,,,,,,,,,,,,,,,,,,,,,,,,,,,,,,,,,,,,,,,,,,,,,,,,,,,,,,,,,,,,,,,,,,,,,,,,,,,,,,,,,,,,,,,,,,,,,,,,,,,,,,,,,,,,,,,,,,,,,,,,,,,,,,,,,,,,,,,,,,,,,,,,,,,,,,,,,,,,,,,,,,,,,,,,,,,,,,,,,,,,,,,,,,,,,,,,,,,,,,,,,,,,,,,,,,,,,,,,,,,,,,,,,,,,,,,,,,,,,,,,,,,,,,,,,,,,,,,,,,,,,,,,,,,,,,,,,,,,,,,,,,,,,,,,,,,,,,,,,,,,,,,,,,,,,,,,,,,,,,,,,,,,,,,,,,,,,,,,,,,,,,,,,,,,,,,,,,,,,,,,,,,,,,,,,,,,,,,,,,,,,,,,,,,,,,,,,,,,,,,,,,,,,,,,,,,,,,,,,,,,,,,,,,,,,,,,,,,,,,,,,,,,,,,,,,,,,,,,,,,,,,,,,,,,,,,,,,,,,,,,,,,,,,,,,,,,,,,,,,,,,,,,,,,,,,,,,,,,,,,,,,,,,,,,,,,,,,,,,,,,,,,,,,,,,,,,,,,,,,,,,,,,,,,,,,,,,,,,,,,,,,,,,,,,,,,,,,,,,,,,,,,,,,,,,,,,,,,,,,,,,,,,,,,,,,,,,,,,,,,,,,,,,,,,,,,,,,,,,,,,,,,,,,,,,,,,,,,,,,
GOCC_MITOTIC_SPINDLE_MIDZONE,CENPE,KIF18B,EML1,CTTN,HNRNPU,NUMA1,MAP10,RCC2,OR2A4,MAP9,KIF18A,PRC1,AURKB,KIF20B,,,,,,,,,,,,,,,,,,,,,,,,,,,,,,,,,,,,,,,,,,,,,,,,,,,,,,,,,,,,,,,,,,,,,,,,,,,,,,,,,,,,,,,,,,,,,,,,,,,,,,,,,,,,,,,,,,,,,,,,,,,,,,,,,,,,,,,,,,,,,,,,,,,,,,,,,,,,,,,,,,,,,,,,,,,,,,,,,,,,,,,,,,,,,,,,,,,,,,,,,,,,,,,,,,,,,,,,,,,,,,,,,,,,,,,,,,,,,,,,,,,,,,,,,,,,,,,,,,,,,,,,,,,,,,,,,,,,,,,,,,,,,,,,,,,,,,,,,,,,,,,,,,,,,,,,,,,,,,,,,,,,,,,,,,,,,,,,,,,,,,,,,,,,,,,,,,,,,,,,,,,,,,,,,,,,,,,,,,,,,,,,,,,,,,,,,,,,,,,,,,,,,,,,,,,,,,,,,,,,,,,,,,,,,,,,,,,,,,,,,,,,,,,,,,,,,,,,,,,,,,,,,,,,,,,,,,,,,,,,,,,,,,,,,,,,,,,,,,,,,,,,,,,,,,,,,,,,,,,,,,,,,,,,,,,,,,,,,,,,,,,,,,,,,,,,,,,,,,,,,,,,,,,,,,,,,,,,,,,,,,,,,,,,,,,,,,,,,,,,,,,,,,,,,,,,,,,,,,,,,,,,,,,,,,,,,,,,,,,,,,,,,,,,,,,,,,,,,,,,,,,,,,,,,,,,,,,,,,,,,,,,,,,,,,,,,,,,,,,,,,,,,,,,,,,,,,,,,,,,,,,,,,,,,,,,,,,,,,,,,,,,,,,,,,,,,,,,,,,,,,,,,,,,,
